,ISIC 01T03,ISIC 05,ISIC 06,ISIC 07T08,ISIC 09,ISIC 10T12,ISIC 13T15,ISIC 16,ISIC 17T18,ISIC 19,ISIC 20,ISIC 21,ISIC 22,ISIC 231,ISIC 239,ISIC 241,ISIC 242,ISIC 25,ISIC 26,ISIC 27,ISIC 28,ISIC 29,ISIC 30,ISIC 31T33,ISIC 351,ISIC 352T353,ISIC 36T39,ISIC 41T43,ISIC 45T47,ISIC 49T53,ISIC 55T56,ISIC 58T60,ISIC 61,ISIC 62T63,ISIC 64T66,ISIC 68,ISIC 69T82,ISIC 84,ISIC 85,ISIC 86T88,ISIC 90T96,ISIC 97T98
ISIC 01T03,1.0938089174892827,0,8.076984199152872e-5,7.523502266645926e-4,1.7754188833222223e-4,0.05716861540520222,0.0069313505072829676,0.07174161519098284,0.006020737387243501,1.3165123943466254e-4,0.004510720250672142,0.004510720250672137,0.0015418246379650465,2.1459636513995506e-4,2.1459636513995517e-4,1.2069284483227696e-4,1.0597692112691678e-4,8.691811106561794e-5,5.30613780239856e-5,1.793986914974813e-4,1.0844137530250247e-4,1.7702193673827435e-4,5.26819512810944e-5,9.391517815751308e-4,6.130131181063175e-5,6.187310617966881e-5,1.2261550853969125e-4,6.575620317814271e-4,3.510635441620135e-4,1.2980489435890103e-4,0.0020812551925470514,9.67920400320596e-5,8.993777000453624e-5,1.1657439594961181e-4,7.091598193780186e-5,8.554378854638313e-5,3.626431210294556e-4,0.0015930326660787975,4.403900416834872e-4,3.770879002902294e-4,3.351516148822932e-4,0
ISIC 05,0,1,0,0,0,0,0,0,0,0,0,0,0,0,0,0,0,0,0,0,0,0,0,0,0,0,0,0,0,0,0,0,0,0,0,0,0,0,0,0,0,0
ISIC 06,1.7942637197671346e-6,0,1.00173897413274,2.8970175928535866e-4,7.167017112540714e-4,8.043030547010829e-7,5.024716022698592e-7,9.661386659093156e-7,1.294381531096655e-6,3.1130352090548083e-6,1.5458156580058908e-6,1.545815658005889e-6,7.699325176314552e-7,9.489332350823594e-6,9.489332350823603e-6,3.890837592766153e-6,4.935341003334341e-6,1.2862835571384594e-6,2.049592807115782e-7,9.873680672622882e-7,9.312743684870787e-7,6.608931966356818e-7,3.2598004239521065e-7,8.109783109543628e-7,3.134929564104996e-6,2.9063352542321135e-6,1.623153762232632e-6,3.158954721184374e-6,4.913659413649401e-7,3.613911861366044e-6,7.000259867452291e-7,2.9206356566932067e-7,3.215561755894259e-7,4.976409902867106e-7,4.1161810171061466e-7,5.499253995646974e-7,7.360242764388886e-7,2.3863173203852925e-6,5.984402487548702e-7,4.009952555113358e-7,7.21349906015708e-7,0
ISIC 07T08,0.0012373518623478462,0,0.008485136985193983,1.0246066039429211,0.004106138089265562,6.330502890517057e-4,3.629513900137005e-4,0.00032210431293466704,0.0017073573127768336,0.0022290290013628248,0.0020313870363635827,0.00203138703636358,4.97764236144381e-4,0.026720624594319516,0.02672062459431954,0.006068503557717039,0.01122449735882377,8.267521132113164e-4,6.235242142931801e-5,4.732007741072302e-4,3.139714441977793e-4,3.021026441847286e-4,1.644210720789929e-4,3.1190357546429523e-4,0.0040635847938255264,0.003697429203856696,0.001096649841769035,0.0040347613380358124,9.002741725860643e-5,1.712940233874229e-4,4.0450870566561853e-4,1.2855580364395906e-4,2.241406876802619e-4,2.972645172547817e-4,5.939653689233002e-5,1.786471883409001e-4,2.85442038617625e-4,8.588836764263964e-4,4.934219866561037e-4,1.3430160601175738e-4,7.922283009321382e-4,0
ISIC 09,1.0054830995247629e-5,0,0.045044470590516854,0.007421966736394895,1.0185330130335402,5.8610377908020245e-6,3.6018731788590605e-6,3.793191972680871e-6,1.4153465306927415e-5,1.899861552981144e-5,1.5885055462068086e-5,1.588505546206807e-5,5.190341595180007e-6,1.9550025093143558e-4,1.9550025093143571e-4,4.6245210957183304e-5,8.283440436446785e-5,8.98683128390137e-6,1.3498529741801197e-6,5.376757098350155e-6,4.323290908509277e-6,3.487237133252454e-6,2.3938543728767453e-6,3.7347091526378143e-6,3.181951348028956e-5,2.9326529521483587e-5,9.68528439664143e-6,3.0750355454237816e-5,2.072487358003068e-6,2.962164622881621e-6,4.711991228325385e-6,1.828504824200134e-6,2.8737791487490567e-6,3.1642866447996776e-6,1.4433408687991578e-6,6.583047700670299e-6,8.870795371428726e-6,1.0413948200859882e-5,5.2727015008436875e-6,2.135788255288045e-6,7.384491299678341e-6,0
ISIC 10T12,0.02857551010627259,0,1.661706954201328e-4,2.2531219587970251e-4,3.0857891377787655e-4,1.069695772483973,0.001723319343500461,0.0022096378436186385,0.001409801457451644,4.1460649294725656e-4,0.0021626177336885348,0.002162617733688532,6.032791663374228e-4,0.0012472340895398895,0.0012472340895398905,3.153455948962068e-4,1.820490806123705e-4,1.7906581228911591e-4,7.365265788769855e-5,1.348423985481157e-4,1.762718889652448e-4,1.5298253513045418e-4,9.352838562830581e-5,2.3974477151349148e-4,2.705255568136304e-4,2.6329513992849043e-4,4.5929624415218603e-4,2.0810882038711312e-4,0.0010545369088313513,7.079093762668064e-4,0.02509101541305842,2.402862541812706e-4,2.342906206341165e-4,5.473207594437433e-4,3.416337085800091e-4,2.821148567200307e-4,0.0010393726941632401,0.007312918628632978,0.0057934821612305575,0.0048681174122730255,0.002934925491693152,0
ISIC 13T15,9.280819870460106e-5,0,2.6946841923343385e-5,5.0777363053987744e-5,3.941217234385331e-5,1.604634478232534e-4,1.0197440232737267,7.046716713372544e-4,0.002100118564969092,2.4735991374887984e-5,5.038327486313281e-5,5.038327486313277e-5,9.470527920496158e-4,3.469022042531808e-4,3.4690220425318105e-4,2.628228433696208e-5,2.835878642341414e-5,3.519654446389963e-5,2.0559659745036354e-5,4.793340597470315e-5,3.891721055381841e-4,0.0013734847590205475,4.8726351718372487e-4,0.0024007972240002486,1.3676331952493367e-5,1.458676916818896e-5,1.5751150128964664e-4,2.20940740490551e-4,1.976896457565614e-4,5.9023317310182186e-5,1.113162997022167e-4,7.090884308329917e-5,3.9263000179138646e-5,2.5943162122046164e-5,1.5989896743493422e-5,2.024427721782722e-5,6.264958018585515e-5,1.443088101592676e-4,6.679472733439842e-5,9.176450673964723e-5,3.524985074029062e-4,0
ISIC 16,4.934646217323827e-4,0,8.185825391243272e-5,6.565350277697409e-4,7.329337948382614e-4,2.2772128889681994e-4,1.8046937170462798e-4,1.0479834110499013,0.0029352303269521095,1.0727637686339116e-4,1.5638536618784279e-4,1.5638536618784265e-4,0.0018877602776377165,5.142757327957634e-4,5.142757327957639e-4,3.2288890421367655e-4,6.124329129424753e-4,2.0162077360305728e-4,2.625555813719092e-4,0.0014925590668033316,4.940351352894448e-4,0.0011677071792620141,1.8669066232733717e-4,0.0037282595539477894,1.042567007152352e-4,1.1087353159371197e-4,1.3352930929676714e-4,0.005520376989688921,6.674832354721988e-4,2.8099442200823447e-4,3.995505364921357e-4,1.7264869070427442e-4,2.948193630275278e-4,2.877837552671798e-4,7.125503831967433e-5,5.128205157421031e-4,2.1530714466958686e-4,3.466716991565124e-4,1.266384830411734e-4,2.3562660371409728e-4,2.1035241751987552e-4,0
ISIC 17T18,0.00102490463715396,0,9.792500893736756e-4,0.0015095688605532235,0.001268389819800152,0.010638377521786155,0.003448160630905177,0.005663719847155987,1.0620684402657203,5.968215473491495e-4,0.003918805296802163,0.003918805296802158,0.00767197602697011,0.0054172545516033245,0.005417254551603328,0.0015356906964747539,0.002796489131752984,0.0028882829771687945,0.0010595471170920362,0.0041393533143809615,0.0027809228458295612,0.0037279145396808496,0.001079705183361814,0.006090148133947788,5.477608891657007e-4,6.11648244982701e-4,0.0018626007865273013,0.0015745392469554886,0.004740457312085536,0.0026535025065311754,0.004430488772947666,0.0057913709165007855,0.001351682018139097,0.004104486071648629,0.0028160296020386328,4.44778091914066e-4,0.0038640085484901304,0.0043276811806212635,0.0022758692135837915,0.0037499388695731474,0.002542655286041075,0
ISIC 19,0.01253373319275819,0,0.011480618914933953,0.019129991161585317,0.01422187627014769,0.004279555983082743,0.004280149423614834,0.0071252490308090595,0.005797537713170734,1.0213903922250054,0.009212874963585714,0.009212874963585705,0.007358168312787612,0.006027896619801969,0.006027896619801973,0.016815426018894856,0.010671747488732355,0.008207826884116002,0.0010810547860743032,0.006895154463245114,0.005057974292530352,0.0037053063527565044,0.001545236812247667,0.005736347401545156,0.015027596289042228,0.013955017111215745,0.00995319078014324,0.015503592553120065,0.0026096849528489913,0.031478497901463016,0.003252485190561745,0.0011086578837097366,0.0010401712913842814,0.0021283175491100623,0.0024662416618336297,0.0014317086191722045,0.0024127528792276453,0.016950644496633034,0.0025266455007295838,0.0022158869428877174,0.0027250678245236784,0
ISIC 20,0.004214096952892859,0,0.0016400981928042695,0.00155930139733923,0.0013556632636645475,0.0020854734286433725,0.009761408051267228,0.002681949711160469,0.003426136928085906,0.004871238644019962,1.0118842021143488,0.011884202114348656,0.01546924360027993,0.0019708397181657108,0.0019708397181657125,0.0030413720526887224,5.840616412570821e-4,0.001369647329569454,6.823547321116164e-4,0.0015231800998100563,9.585979331595821e-4,0.0017256012303329873,5.330065756999653e-4,0.002858162879507257,4.496733078315777e-4,4.350292792173645e-4,0.0011881136050464578,0.0010171374857386318,4.925896757396094e-4,5.942343812371209e-4,8.757571893592288e-4,3.7777649072399515e-4,3.641778683757731e-4,4.795420218164117e-4,2.5914943145595557e-4,2.5722237049169574e-4,7.826033070595491e-4,0.0010435005182504575,4.469531073858918e-4,0.0019791059684997445,7.620749079733088e-4,0
ISIC 21,0.012642290858678578,0,0.004920294578412805,0.004677904192017687,0.0040669897909936395,0.0062564202859301185,0.0292842241538017,0.008045849133481407,0.010278410784257716,0.014613715932059882,0.03565260634304602,1.0356526063430451,0.04640773080083979,0.005912519154497132,0.005912519154497137,0.009124116158066168,0.0017521849237712463,0.0041089419887083605,0.0020470641963348493,0.004569540299430169,0.002875793799478745,0.0051768036909989636,0.0015990197270998958,0.008574488638521775,0.0013490199234947333,0.0013050878376520937,0.003564340815139371,0.003051412457215896,0.0014777690272188288,0.0017827031437113636,0.002627271568077686,0.0011333294721719853,0.0010925336051273193,0.001438626065449235,7.774482943678671e-4,7.716671114750873e-4,0.002347809921178648,0.003130501554751371,0.001340859322157674,0.005937317905499233,0.002286224723919926,0
ISIC 22,0.0018204465123976175,0,5.208394006786522e-4,0.0032447671258859947,0.002233169772188456,0.007481163041514085,0.0026467251894891574,0.0037615877689719836,0.006675522770629559,5.895648502806304e-4,0.004138466725658213,0.004138466725658211,1.0263609994360414,0.0026224691872846085,0.002622469187284611,7.323491256175745e-4,9.240927685893513e-4,0.0021585637793500733,0.002660362362270419,0.005510910589001701,0.007380841734001888,0.01280821008364772,0.0033159258852849434,0.009655310059822033,2.540823759592196e-4,2.9992997138481974e-4,0.0014541672312157411,0.005585490380368048,0.002574773727944348,0.0013421685794706882,0.0027224876707738865,0.0011027056337585845,0.0024192520635765175,0.0013692592772811545,3.380799384297214e-4,2.802234452178156e-4,0.0012020303898373837,0.0016277568047570084,6.4398088985126e-4,0.0025334079398439523,0.0014106302583093441,0
ISIC 231,9.60483140311387e-5,0,5.364434046052489e-4,0.0010332230229569055,0.00125213927923265,4.951743350386557e-4,9.295972348573156e-5,0.001082841568694858,2.8498376837133573e-4,4.190472757380135e-4,2.904072075908437e-4,2.9040720759084356e-4,8.86500001052491e-4,1.0128811843094008,0.012881184309401168,6.975491326590499e-4,0.0010715466228898728,4.045642039765962e-4,1.150188808174476e-4,0.001655348988828583,4.510545263913453e-4,0.001373385437032815,1.0907009404807555e-4,5.111324350012633e-4,1.3384585974768006e-4,1.3354907577398383e-4,2.2575740559828802e-4,0.005477633339950727,8.351210351211092e-5,8.478424215751682e-5,2.600704285758864e-4,1.1888925533872982e-4,2.860009007235172e-4,1.4715974985683147e-4,4.346090742154716e-5,1.9029763079305638e-4,2.3381845419932271e-4,2.9548879883685815e-4,8.396207201658481e-5,2.4375526487493558e-4,2.756182684161529e-4,0
ISIC 239,2.8814494209341613e-4,0,0.0016093302138157478,0.0030996690688707145,0.003756417837697952,0.0014855230051159668,2.788791704571947e-4,0.0032485247060845745,8.549513051140075e-4,0.0012571418272140408,8.712216227725311e-4,8.712216227725307e-4,0.002659500003157475,0.038643552928203505,1.038643552928204,0.0020926473979771495,0.0032146398686696185,0.0012136926119297891,3.450566424523428e-4,0.004966046966485751,0.0013531635791740357,0.004120156311098447,3.2721028214422664e-4,0.0015333973050037897,4.015375792430402e-4,4.0064722732195137e-4,6.772722167948641e-4,0.016432900019852183,2.5053631053633286e-4,2.5435272647255047e-4,7.80211285727659e-4,3.566677660161898e-4,8.580027021705517e-4,4.4147924957049474e-4,1.3038272226464153e-4,5.708928923791689e-4,7.014553625979682e-4,8.864663965105747e-4,2.518862160497545e-4,7.312657946248073e-4,8.268548052484583e-4,0
ISIC 241,6.120665245392319e-4,0,0.0012751605950483383,0.0011726461910515679,8.949408690101432e-4,3.7126924484443013e-4,2.7877699427351866e-4,5.412265045351805e-4,4.870778541251386e-4,0.0010265912902467996,4.676837932171916e-4,4.676837932171916e-4,7.324932241950338e-4,8.414939873481479e-4,8.414939873481478e-4,1.0041259714751463,0.008288099596083162,0.008812506974632848,5.755786945141469e-4,0.004670195832760072,0.004520917976792119,0.0030977737643038093,0.0010945224205741303,0.001599520921431702,7.244198097998307e-4,6.844776879848508e-4,6.316949560089059e-4,0.001034959978732775,1.478085254715374e-4,0.0015328051160651808,1.842303179720868e-4,8.276665539400437e-5,1.1252630549150354e-4,1.4511504625333666e-4,1.2386760828693344e-4,9.229636528222497e-5,1.5242181251136694e-4,8.408556192074325e-4,1.5300696192296347e-4,1.2955465089989815e-4,1.9344988472818134e-4,0
ISIC 242,1.9205356954663536e-4,0,0.0015028850191864695,7.359838480576022e-4,5.901598049024591e-4,3.669587917970138e-4,1.9514274292944088e-4,4.681197357719367e-4,4.6762479723618184e-4,2.9437730503575454e-4,1.7420038979105456e-4,1.742003897910545e-4,8.057747161119733e-4,0.0011084645157872469,0.0011084645157872467,0.0063951747654876,1.0145878775497372,0.015747477538849627,9.874550102609739e-4,0.00815354738008121,0.008014781524862655,0.005473747185461566,0.001916223210409254,0.0025382022801936775,2.1275239561243894e-4,2.194122313971102e-4,4.2299648578662726e-4,7.535950036980362e-4,7.781501971480281e-5,4.741691510272874e-4,9.700897440322218e-5,7.015226383179143e-5,1.3058187747488084e-4,1.090925041540261e-4,4.416433889980825e-5,6.350263439133782e-5,1.0122491362213352e-4,2.8405418328608726e-4,9.372776964972251e-5,7.359470397626804e-5,1.538813769697733e-4,0
ISIC 25,0.0015407441692995357,0,0.007687478493835937,0.004731657790255287,0.00409383070866817,0.006840551811260247,0.0033476065965203487,0.010598330320028857,0.00845981106991619,0.0018163299314581086,0.004421612659295678,0.004421612659295676,0.01195413541932072,0.0063391588790547276,0.006339158879054727,0.0045768961492796394,0.00828403422187775,1.0385978489226937,0.007567932956829804,0.027362844340429366,0.02300708009717022,0.0158432087037991,0.013826279809512036,0.012010001787513658,7.685216458838937e-4,0.0020146123155346547,0.007740587654297277,0.017609607642805745,7.846448064139296e-4,0.0020268035333953433,0.001626468228036476,0.0017535770925927979,0.003584267033230095,0.0019848014609229916,3.1797193959666014e-4,6.921216541586212e-4,0.0011698141813748608,0.0017217196202672213,8.023441829132043e-4,9.03547598480862e-4,0.001714067565784165,0
ISIC 26,1.9619713150258462e-4,0,3.8838273067434134e-4,4.0039358546491605e-4,3.953661692510764e-4,9.206208277900034e-4,0.0015018557123522558,0.002341783609631906,0.00279177767936794,2.6253997823300654e-4,0.001692347806904907,0.0016923478069049065,0.002574146078565463,0.001264961376126837,0.0012649613761268367,8.349143601635387e-4,0.0016035504643570233,0.0033029689831037,1.0205399326750426,0.008182618677236849,0.0041568438091306795,0.0035236843331606315,0.009776781001476009,0.0035602777051640376,2.2726399395212678e-4,2.308488197312755e-4,0.0011003539920744305,0.0010946163322152844,0.0017252975693832057,3.3606025718280446e-4,3.84515165683687e-4,0.0015384774158305706,0.002306354023467669,0.002174098002538635,2.3502051526414142e-4,1.2956083289567783e-4,9.640184034257766e-4,8.742502829904991e-4,9.513069690527401e-4,0.0012876965152420988,6.05112764621113e-4,0
ISIC 27,1.556123584837626e-4,0,1.4724603076638618e-4,2.4994463863134317e-4,2.9634584105986964e-4,9.758313765394471e-5,6.831029035788761e-5,4.8723940690231375e-4,1.1438036408414284e-4,1.0235372373342665e-4,3.3606816057704e-4,3.360681605770399e-4,6.854829464503676e-4,1.3800194192539931e-4,1.3800194192539931e-4,6.932053782980246e-4,0.0014866544358694486,0.0013854006629081869,9.533847218785497e-4,1.0132475884998486,0.005747596493374636,0.0021605993803215785,8.156376510775465e-4,7.490050067717704e-4,9.789959145575344e-5,1.0321460155211405e-4,6.237172374314621e-4,0.004077177279567961,3.185247769510675e-4,2.2401677775224735e-4,2.09034287117584e-4,0.00023988327321747542,5.662752035567709e-4,8.785391401022523e-4,7.01717348762126e-5,1.5283253629001363e-4,4.062511648190191e-4,5.412827732483758e-4,2.493386480716595e-4,1.8317936751878613e-4,0.0011161370857631363,0
ISIC 28,2.820312460239606e-4,0,0.006969036231626478,0.006886861469207351,0.009588066153733003,8.611768275375534e-4,2.505523525389156e-4,0.0012333024794611406,0.002150851890936238,1.9559901273601195e-4,9.064781143936164e-4,9.06478114393616e-4,0.00196106583695662,5.65052704712313e-4,5.650527047123129e-4,6.001896025140537e-4,0.0011435104507872414,0.003467454736968782,2.888317482513967e-4,0.0031146110719687823,1.0176663138075484,0.01065347559507229,0.0031873735151450593,8.326368123252818e-4,3.0156965758136773e-4,3.3415890647173793e-4,0.004614464517006343,0.005780284413371787,3.7758490951982483e-4,8.450959994723903e-4,3.7691733320840726e-4,2.898393160945099e-4,5.147303540073869e-4,7.663136393176466e-4,1.335849858297926e-4,2.426859878855891e-4,4.3009895336586186e-4,5.927560748566014e-4,0.001514757952658793,3.509984464599808e-4,0.0012895280789922484,0
ISIC 29,1.46946134273067e-4,0,2.3273656225726152e-4,4.74919319987074e-4,2.6997368264831874e-4,2.593215298484466e-4,6.192819264608205e-5,6.517033127925246e-4,2.0877865943357278e-4,3.5187106517698396e-5,9.386627578168542e-5,9.386627578168541e-5,1.3164933999863744e-4,1.9897440988716995e-4,1.9897440988716992e-4,7.863875230321416e-5,1.3698955344271664e-4,2.0209281448325495e-4,1.2334060309729367e-4,2.710044445060761e-4,0.0015336023050052706,1.0156450493829383,3.5939590737359004e-4,2.1707655843576241e-4,2.892977852482552e-5,2.933402930025241e-5,4.902964781940434e-4,9.876407211620001e-5,2.4052238051835184e-4,3.709074541432664e-4,8.906473368855297e-5,6.736733052869139e-5,1.0034258219627591e-4,4.9882228245449194e-5,2.1503213166409126e-5,1.573048117729514e-5,2.434949751768911e-4,1.9899966099724042e-4,8.219724680856423e-5,1.2205724003444141e-4,4.958959839245656e-4,0
ISIC 30,5.049832688676466e-5,0,2.746486230809857e-5,4.744319311281403e-5,3.2665007906674765e-5,5.452120877238153e-5,3.5145380844778345e-5,9.513148490657443e-5,4.423278330744242e-5,2.4016035286263147e-5,2.7610174874328483e-5,2.761017487432847e-5,3.735643391642626e-5,6.381388543494214e-5,6.381388543494214e-5,3.121712483553836e-5,4.088739938282772e-5,9.707021010731968e-5,1.2190713129605577e-5,2.5342057262341413e-5,1.9233836716467446e-4,4.4590082199678634e-4,1.0377594537169734,2.8511826579596553e-5,4.7030953433265784e-5,4.679602290080241e-5,2.4374333931956917e-4,3.0344524731772796e-5,6.277315377431357e-5,0.0013486162266559683,3.320048854330405e-5,2.2044877731395972e-5,1.9770072344960225e-5,3.5206923931418164e-5,2.3269831022318353e-5,1.3055385788181186e-5,1.6455010103378522e-4,0.0011285062684865078,2.036973337984253e-5,3.167658093437732e-5,5.279949230244851e-5,0
ISIC 31T33,2.906096755666118e-4,0,5.18854816905865e-4,7.286686813194278e-4,6.569850197630418e-4,4.693590008729765e-4,0.0014807466636793806,0.0030493148769339382,8.270380486144999e-4,2.2317035438255446e-4,4.6287153186906366e-4,4.628715318690635e-4,0.001356604529415596,5.797958487115422e-4,5.797958487115423e-4,2.846119817328077e-4,3.6712135771591763e-4,6.510809419731748e-4,4.4605487714057484e-4,0.0013044884495548618,0.00188712103789002,0.0012918398965548763,8.132836851140193e-4,1.0096932007838204,2.804998561748715e-4,2.9651373078525836e-4,0.0010509661088702895,0.0049745245265378065,5.980228182856311e-4,4.985783267524011e-4,6.326287282896341e-4,3.7399270326036164e-4,4.405664452251373e-4,5.69280570455282e-4,2.7503789088103426e-4,4.92759543436311e-4,6.158627488221109e-4,7.266591638071413e-4,4.2422513119373597e-4,0.004099660763689472,8.671877191357195e-4,0
ISIC 351,0.0035651220766984813,0,0.005735602594656783,0.00624047349986558,0.001282351489122664,0.0019257574197071394,0.0022877437964268564,0.0028416852195246693,0.0038507166241613616,0.006023933872770219,0.0029269402604390703,0.00292694026043907,0.0033415908142184624,0.0047960184765818955,0.004796018476581895,0.0049142622234209414,0.0034240947379144,0.002220202805989279,7.372106460139397e-4,0.0012155860011347735,0.0012709638398948487,0.0010321441899810726,0.0014829388005108953,0.001220067132840695,1.0099586557587699,0.009442706142338933,0.004961694650283814,0.0012744706997263923,0.0020766474559594126,0.0019122864486467441,0.0034631635820761815,7.725569006218905e-4,0.001258856446139332,8.438222899883341e-4,5.920630588886253e-4,0.0011745652890017442,9.436699156715847e-4,0.001978527478255031,0.0023619153620803484,0.001324400010376656,0.0018287431606315188,0
ISIC 352T353,0.0011065833433969322,0,0.002014075189136724,0.0019307182882629217,4.047695292562964e-4,5.935585446781254e-4,7.051578057821593e-4,8.764585899760638e-4,0.0011848607757833371,0.0023189515699909512,9.076383311988444e-4,9.07638331198844e-4,0.0010290390904756491,0.00147433515874089,0.0014743351587408898,0.0017805237180185452,0.0010574740854800238,6.873444601687846e-4,2.2684282009534257e-4,3.777484428700802e-4,3.9373041481283313e-4,3.1905434491242115e-4,4.55707647061226e-4,3.7841699283519493e-4,0.003229246034558131,1.003054629302916,0.0015299771834917286,4.0094190581383375e-4,6.387643295341444e-4,6.153253161883764e-4,0.0010636666573554084,2.3804223685921228e-4,3.869464558639051e-4,2.608695038813793e-4,1.834993423847532e-4,3.568801357869804e-4,2.911529118381759e-4,6.324545871887882e-4,7.258179666511239e-4,4.072200154755968e-4,5.619654517461997e-4,0
ISIC 36T39,7.978516248248768e-4,0,0.001146682368961773,0.0013966326114348137,3.991055368365048e-4,5.424584652239288e-4,5.771793679575239e-4,7.149287860876358e-4,9.381004767752075e-4,9.349094266908688e-4,7.849082843017182e-4,7.84908284301718e-4,8.220541901316139e-4,0.0011797333862182495,0.0011797333862182493,8.843227153492451e-4,8.163903026538339e-4,5.64595058258448e-4,1.8938278816223332e-4,3.0921970400456136e-4,3.430546393380895e-4,2.5840328807366875e-4,3.6778587791584785e-4,3.44866844374083e-4,0.002047094951978071,0.0019796971057219224,1.0073852991785794,3.713400004546174e-4,5.904840994479908e-4,5.391245166804703e-4,9.735066943538437e-4,2.0958310800773907e-4,3.1368648624287976e-4,2.4993013867306553e-4,2.3685175381853719e-4,9.639454849263431e-4,3.7796626147844456e-4,0.0011115573225627963,6.289608192495086e-4,5.028036750375095e-4,6.170747985641807e-4,0
ISIC 41T43,0.0047967296888709494,0,0.002596904703468518,0.03311417021129299,0.02095655005531776,0.0034400830011035617,0.0027696653537163966,0.004247554590326304,0.006312694318992007,0.015287743436936325,0.0035724887537520534,0.0035724887537520516,0.004455043735670815,0.008511159108219655,0.008511159108219655,0.011126341729618683,0.005538035024646411,0.0048894856634499675,0.0019905519436076878,0.0021910751906387984,0.003234608762604352,0.002031206591286153,0.0018545026166567823,0.0030051582750246397,0.012067453169202044,0.012682475175680625,0.005047952274412345,1.001613644541059,0.0051195166724039435,0.005784358541242031,0.006705478502150888,0.0024432033165254293,0.0042639261209891114,0.0021497119173992745,0.003846047933648231,0.030845319450981602,0.003332941845286318,0.022887003098171405,0.008285775722074163,0.003956068202011636,0.0071909699799435,0
ISIC 45T47,0.03792551636535047,0,0.010848053640458743,0.019085056201893748,0.015415421929493545,0.03803897984085026,0.021618933302033787,0.03654465724650854,0.02780089470713801,0.014974478963384285,0.02712059368538688,0.02712059368538687,0.027043611600999686,0.01957672596251152,0.01957672596251152,0.02121492414880247,0.02959515853241431,0.01961620357475451,0.011693518347740293,0.024426784675268882,0.03032016949704161,0.03800286839025708,0.014171203260166777,0.024589260497223483,0.011589518294084507,0.011265058476733368,0.01640558734702318,0.056697579587162636,1.0117615541680642,0.018712922937415694,0.020969914036365257,0.010893592476477526,0.012097465939233581,0.006808804107772643,0.004286023265530007,0.006030410636185903,0.009863798920359507,0.011239501852181148,0.007091565631691982,0.011649938245711325,0.015243366224208873,0
ISIC 49T53,0.021092168979116994,0,0.005996523746961175,0.01953443908977633,0.00983324822908458,0.028077665326855288,0.01878068498251447,0.03242007410609164,0.02443015672179387,0.013870441966959196,0.012476539808269276,0.012476539808269271,0.021748769678998067,0.04015106955222556,0.040151069552225555,0.01877493020242388,0.025361120726282566,0.012020617342175494,0.0037388209052029845,0.009832651258706275,0.010238476120722251,0.01000971397696899,0.005259235028560799,0.012558213912710486,0.02777149717998657,0.027412738073129685,0.02653728558323506,0.01249273684373022,0.03553925903624826,1.1162770254607093,0.009441739022251764,0.007585481721584636,0.004620425818456506,0.015832928147111992,0.009000357641270391,0.004001960511208447,0.014207381795856094,0.015500655323589381,0.007160816354868939,0.011768823031116272,0.009335091324388348,0
ISIC 55T56,0.0017049748375426352,0,0.0017844721401984365,0.002098264273575801,0.006698285116450905,0.002124937273698435,0.001864646385850638,0.0029263387753406434,0.0035959159040875846,0.0010622266962572863,0.001472541338642797,0.0014725413386427965,0.003259978831655336,0.004110974612334567,0.004110974612334567,0.001560249843153836,0.002229040382202111,0.0027685904423190265,7.927673516852903e-4,0.0013472179429249275,0.0023585765613151617,0.0014497893059243388,0.0011205353524145064,0.002805204200503073,0.006410995669184624,0.006064481121235639,0.009008495385327355,0.0016009343850379133,0.005995080188322963,0.011237459035656663,1.0150011977821178,0.003729532789141906,0.0033447176846408324,0.015672585499958272,0.009913496763217346,0.008446585131912222,0.013694202830640677,0.006271876965201719,0.006826521341780121,0.02212372626151297,0.00576628151471085,0
ISIC 58T60,0.0010446180533130692,0,0.001637112977782902,0.0015834690478368793,0.0027125933282409263,0.0012740802908875585,0.001152389858348763,0.0017891951599447102,0.0019251785267746632,4.1063871241134965e-4,8.285886226817943e-4,8.28588622681794e-4,0.0011386986290886638,0.002809450033116648,0.002809450033116648,6.337754619722703e-4,9.334236770206496e-4,0.001705652714128461,6.589730775965503e-4,8.663099440062174e-4,0.0016660787035414854,7.507618355665993e-4,0.00117984893335328,0.0016263969054491681,0.0016806693430469147,0.0023582173790062514,0.00342026558092033,0.0017299017436574454,0.0028482238273564286,0.002949054286373565,0.004020574283491291,1.0256864619880792,0.036807310375599034,0.006441400398729614,0.002821693685610177,0.0010892778030707304,0.003981482301786755,0.009266855845374468,0.0029010024085149608,0.0026789424458265767,0.0031257330051240855,0
ISIC 61,0.0016758926433665681,0,0.0027809262928993918,0.0027577725981089776,0.004659846848064573,0.002131574979130866,0.0019652241384405167,0.002835133688486542,0.002990443286985253,6.913777050008717e-4,0.0014370355354371806,0.0014370355354371802,0.001871394319754607,0.004598832711403382,0.004598832711403382,0.0010461372757738455,0.001522540523390518,0.0027555103186654843,0.0011030206090369779,0.0014397412933502833,0.0027322612852825187,0.0012615608293294373,0.0017949405908407677,0.0026656673493070412,0.0025667451346594655,0.003711444144911674,0.00554907492016952,0.0027666464015169098,0.004420038697904425,0.004834415921432956,0.006181780312656592,0.024834658744383842,1.0544844818524204,0.009573932562645375,0.004343041576696852,0.001810618602246596,0.005748411595267769,0.014268824345298897,0.004114545098623442,0.003921312484192691,0.0048978502238337905,0
ISIC 62T63,0.00218012470796656,0,0.01172387355791173,0.007930617755565098,0.005904851245896742,0.0049296204109496675,0.004878374080549118,0.007583806920348759,0.007375595410840901,0.002265308361706948,0.003226556669490425,0.0032265566694904247,0.004804245330421744,0.010254155919230006,0.010254155919230006,0.003302076239993763,0.004694341945931736,0.008694023116669204,0.00271164733585272,0.004696450563203158,0.009466980186785268,0.003294103744076787,0.008392738423202232,0.007925081687772003,0.011618510149578862,0.010991950805603503,0.015329150536471955,0.005073058085673171,0.011856059251094127,0.006969551348362689,0.01470773855336477,0.01687614640991813,0.011787053459461986,1.0275605724229369,0.014794638864110048,0.0025511893927056893,0.01918507479072729,0.019923191848304118,0.01362624789245066,0.00837136075155885,0.011840880424445886,0
ISIC 64T66,0.005833141999015469,0,0.014380279313642557,0.01994759626072355,0.06233867990090238,0.004301375021039532,0.005632556308311932,0.004115977838178729,0.003900705715077151,0.0016320509838818659,0.00346660272345777,0.003466602723457769,0.004202186555436673,0.006482685272273818,0.006482685272273817,0.004563339813225687,0.008499739654276167,0.008121769154821098,0.0033006697983656045,0.006878903235020661,0.007770779979991501,0.006064628044331461,0.0036650802429140732,0.009122718122167979,0.006381474828039921,0.007609471928778281,0.007146616554943904,0.003476346614415161,0.010076516651272995,0.016363588781582884,0.01437095723441368,0.006426944751132943,0.0069694366923413915,0.005361223309711699,1.1035251946285916,0.015471427322297896,0.011602152596098115,0.01142795843133389,0.0074162962191928845,0.01204805842405035,0.009968702933985463,0
ISIC 68,0.01318395671308955,0,0.012534062358365194,0.009932014560126635,0.01725209619712995,0.01256070618400677,0.015794373191950168,0.013382548816619226,0.021823798823454067,0.0035815065601926613,0.010883492498653733,0.010883492498653726,0.017219891994164196,0.015064161578775414,0.015064161578775418,0.005073740980117655,0.007077648365360795,0.01928441833881728,0.011522767342442923,0.009921829221276744,0.0115720129042425,0.007922892671569206,0.007160633971354034,0.017502323632269796,0.02228487457932068,0.02159537871553557,0.03275229430245187,0.016405980025251007,0.06799000549603207,0.035272495943183164,0.0601919574210959,0.03081924074985139,0.03959812419829219,0.027587997071751944,0.03530572634091266,1.0389431462814016,0.05253873148798432,0.016782276177070864,0.09908406196934119,0.07410781819350606,0.09330537756517393,0
ISIC 69T82,0.010789879978640995,0,0.07614211820013801,0.0719096746868266,0.07496719891637645,0.03714249290803463,0.038796179813348694,0.02077272833483381,0.0337415997198303,0.01573432528473385,0.03665078338800031,0.036650783388000305,0.02575857381696258,0.03636848235503236,0.03636848235503236,0.01859855366666518,0.02244489867180431,0.03779930071160991,0.023476874844406064,0.026539919624502306,0.04402102741765528,0.025161923527789978,0.026597859914096193,0.04265154013360895,0.03505638014475542,0.03572906830184087,0.06009860609514347,0.027238230467031936,0.06599910506641582,0.061853412360884305,0.07091502760951814,0.04958315497285734,0.04649581723861028,0.06767367928117275,0.044096515264382505,0.023688923589605504,1.0676355405473732,0.029834063114079757,0.03490380162270914,0.0577196212536959,0.04468581656038178,0
ISIC 84,0.012841100000309613,0,0.0041144718698439674,0.006536884514347946,0.004273846954426295,0.010871641193831012,0.005034984598846202,0.012248644237670593,0.006003994162098011,0.0037744555243711918,0.004825214006784112,0.00482521400678411,0.00395084054062735,0.006995963278948485,0.006995963278948484,0.003980864431101338,0.004258048985386917,0.003389839159038534,0.001339020424589832,0.0022970446873009647,0.0029949055235235326,0.0019163695678764397,0.0020525499826648565,0.0032321298439590856,0.0068316889251632176,0.006802972381760371,0.012657878449503146,0.0023640694369682935,0.0061783697818130045,0.006907474038942206,0.008454546275377882,0.0031951440778413866,0.0034044411229949985,0.004134348483030324,0.004653974979031184,0.003294949711816401,0.005193113076076032,1.0071095562116426,0.004472326214197554,0.006484076141388246,0.005839338807365089,0
ISIC 85,1.8452770663300458e-4,0,6.488463131293992e-4,6.337672304355758e-4,8.479976308451668e-4,3.880731614817896e-4,3.77878820873252e-4,3.345090006548449e-4,4.636049130769196e-4,1.816482162681079e-4,3.398030670317174e-4,3.398030670317174e-4,3.605448238470463e-4,5.016529606392218e-4,5.016529606392218e-4,2.294510731031835e-4,2.9364507410494563e-4,4.3449204271809103e-4,2.1050181508764282e-4,2.7172992368443933e-4,4.6123347335869807e-4,2.6432065576820744e-4,2.775637520405575e-4,4.6241851506317335e-4,6.435964062174235e-4,6.285331996377496e-4,9.336129157648467e-4,3.033337021397467e-4,0.0010003976292136288,0.0010082717440869243,0.0012468314091162401,5.988006174304601e-4,5.476070372888395e-4,0.001346056283533291,8.348670459903004e-4,5.762320883416632e-4,0.0011977664345391534,0.0011602503847213449,1.00180847518897,0.0014411745467753092,0.0014746722537692103,0
ISIC 86T88,1.8444477777651306e-4,0,2.4527849508358706e-4,2.957014707968151e-4,2.661712252532762e-4,2.286645522198979e-4,1.7789727247745758e-4,2.2920588861246943e-4,2.0900409747248933e-4,1.1790310644858641e-4,1.799155715453478e-4,1.7991557154534778e-4,1.7086284406171733e-4,2.132121448556417e-4,2.1321214485564167e-4,1.4046818031903492e-4,1.7077060303075719e-4,1.8814528485935425e-4,9.58427148586745e-5,1.5093954929784798e-4,2.2750755891486697e-4,1.765076110663095e-4,1.3904312519555967e-4,2.0385261656339252e-4,2.1012525010006078e-4,2.066051242719826e-4,2.939952437907805e-4,2.410677672485944e-4,2.513611972607554e-4,2.5510589479001437e-4,3.2843850448258035e-4,2.071672195016088e-4,1.767653311385208e-4,3.313726828233484e-4,2.0937196125717463e-4,1.4960870732329268e-4,3.390448668904649e-4,0.003919582597676693,1.9296130943939168e-4,1.0106092792448844,3.564174543498697e-4,0
ISIC 90T96,0.0021119198775241947,0,0.001987338841231578,0.0029204371604209744,0.005971179836760536,0.003535828100374941,0.0029354059584178922,0.004413388049468366,0.006248239273306945,0.002452280839947744,0.0034657056703898625,0.0034657056703898607,0.004730842072954789,0.008135400295189022,0.008135400295189022,0.003663939915348286,0.005291065343613149,0.005185220998165912,0.0019401114745502004,0.002195989684765411,0.0036732825106920892,0.002330418744363218,0.002071902825104483,0.003660995804122081,0.003291385305949923,0.00403764372385889,0.024137747731439035,0.004495859623408076,0.009150431843798037,0.010798640716606132,0.011920761537972085,0.018051254303214744,0.027775595413967798,0.006751743000594479,0.006980273409279993,0.007568104264081222,0.011905439679335257,0.010163093948950798,0.00925889546403916,0.008963810662118592,1.0204397420987115,0
ISIC 97T98,0,0,0,0,0,0,0,0,0,0,0,0,0,0,0,0,0,0,0,0,0,0,0,0,0,0,0,0,0,0,0,0,0,0,0,0,0,0,0,0,0,1
