Fuel (BTU),2024.0,2025.0,2026.0,2027.0,2028.0,2029.0,2030.0,2031.0,2032.0,2033.0,2034.0,2035.0,2036.0,2037.0,2038.0,2039.0,2040.0,2041.0,2042.0,2043.0,2044.0,2045.0,2046.0,2047.0,2048.0,2049.0,2050.0
electricity (not used in this variable),0.0,0.0,0.0,0.0,0.0,0.0,0.0,0.0,0.0,0.0,0.0,0.0,0.0,0.0,0.0,0.0,0.0,0.0,0.0,0.0,0.0,0.0,0.0,0.0,0.0,0.0,0.0
hard coal,0.0,0.0,0.0,0.0,0.0,0.0,0.0,0.0,0.0,0.0,0.0,0.0,0.0,0.0,0.0,0.0,0.0,0.0,0.0,0.0,0.0,0.0,0.0,0.0,0.0,0.0,0.0
natural gas,1669410000000000.0,1460280000000000.0,1455910000000000.0,1457750000000000.0,1499120000000000.0,1538550000000000.0,1589800000000000.0,1629860000000000.0,1677790000000000.0,1718550000000000.0,1756620000000000.0,1786470000000000.0,1812720000000000.0,1831860000000000.0,1843070000000000.0,1851800000000000.0,1862150000000000.0,1868790000000000.0,1878920000000000.0,1887460000000000.0,1883340000000000.0,1888810000000000.0,1913160000000000.0,1925100000000000.0,1935770000000000.0,1934700000000000.0,1934590000000000.0
nuclear,289029000000000.0,291534000000000.0,290370000000000.0,290370000000000.0,290370000000000.0,290370000000000.0,290370000000000.0,290370000000000.0,290370000000000.0,290370000000000.0,290370000000000.0,290370000000000.0,290370000000000.0,290370000000000.0,290370000000000.0,290370000000000.0,290370000000000.0,290370000000000.0,290370000000000.0,290370000000000.0,290370000000000.0,290370000000000.0,290370000000000.0,290370000000000.0,290370000000000.0,290370000000000.0,290370000000000.0
hydro (is not a fuel),0.0,0.0,0.0,0.0,0.0,0.0,0.0,0.0,0.0,0.0,0.0,0.0,0.0,0.0,0.0,0.0,0.0,0.0,0.0,0.0,0.0,0.0,0.0,0.0,0.0,0.0,0.0
wind (is not a fuel),0.0,0.0,0.0,0.0,0.0,0.0,0.0,0.0,0.0,0.0,0.0,0.0,0.0,0.0,0.0,0.0,0.0,0.0,0.0,0.0,0.0,0.0,0.0,0.0,0.0,0.0,0.0
solar (is not a fuel),0.0,0.0,0.0,0.0,0.0,0.0,0.0,0.0,0.0,0.0,0.0,0.0,0.0,0.0,0.0,0.0,0.0,0.0,0.0,0.0,0.0,0.0,0.0,0.0,0.0,0.0,0.0
biomass,0.0,17251400000000.0,16673000000000.0,16511100000000.0,16430100000000.0,16284700000000.0,16087400000000.0,15902200000000.0,15728300000000.0,15565900000000.0,15400200000000.0,15242600000000.0,15077900000000.0,14913300000000.0,14750600000000.0,14582500000000.0,14454100000000.0,14281500000000.0,14159500000000.0,13997600000000.0,13839900000000.0,13754600000000.0,13693600000000.0,13638600000000.0,13587700000000.0,13541500000000.0,13492600000000.0
petroleum gasoline,0.0,21853000000000.0,18621500000000.0,6374280000000.0,0.0,0.0,0.0,0.0,0.0,0.0,0.0,0.0,0.0,0.0,0.0,0.0,0.0,0.0,0.0,0.0,0.0,0.0,0.0,0.0,0.0,0.0,0.0
petroleum diesel,0.0,23246800000000.0,26042200000000.0,26566500000000.0,25777500000000.0,24662300000000.0,24480800000000.0,24553700000000.0,23210700000000.0,23201200000000.0,23421400000000.0,22637500000000.0,22499700000000.0,21579800000000.0,19701700000000.0,19494000000000.0,17181300000000.0,15495300000000.0,13265900000000.0,11412500000000.0,9860660000000.0,9215480000000.0,9293800000000.0,7677510000000.0,6900490000000.0,5330650000000.0,5078690000000.0
biofuel gasoline,0.0,27127600000000.0,26272600000000.0,25540300000000.0,24802500000000.0,24116600000000.0,23454200000000.0,22802400000000.0,22175400000000.0,21525000000000.0,20890100000000.0,20235800000000.0,19594700000000.0,18965500000000.0,18338800000000.0,17716300000000.0,17091100000000.0,16446900000000.0,15968800000000.0,15479100000000.0,14999800000000.0,14530600000000.0,14073500000000.0,13621600000000.0,13185200000000.0,12769400000000.0,12386300000000.0
biofuel diesel,0.0,1055960000000.0,1065180000000.0,1076450000000.0,1085210000000.0,1090760000000.0,1097490000000.0,1099140000000.0,1099170000000.0,1096000000000.0,1093090000000.0,1089150000000.0,1083690000000.0,1076080000000.0,1066920000000.0,1056750000000.0,1048260000000.0,1038600000000.0,1022850000000.0,1006210000000.0,989968000000.0,979972000000.0,967903000000.0,956650000000.0,944512000000.0,932872000000.0,921678000000.0
jet fuel or kerosene,0.0,41976200000000.0,45483300000000.0,45711800000000.0,44710000000000.0,44208600000000.0,44282900000000.0,44697200000000.0,44870600000000.0,45970600000000.0,47373300000000.0,48536600000000.0,49408100000000.0,50038000000000.0,50405800000000.0,51453600000000.0,51585300000000.0,51832100000000.0,52167500000000.0,52962600000000.0,53849700000000.0,54793100000000.0,56035100000000.0,56235100000000.0,56836100000000.0,57100600000000.0,57904200000000.0
heat (not used in this variable),0.0,0.0,0.0,0.0,0.0,0.0,0.0,0.0,0.0,0.0,0.0,0.0,0.0,0.0,0.0,0.0,0.0,0.0,0.0,0.0,0.0,0.0,0.0,0.0,0.0,0.0,0.0
geothermal (is not a fuel),0.0,0.0,0.0,0.0,0.0,0.0,0.0,0.0,0.0,0.0,0.0,0.0,0.0,0.0,0.0,0.0,0.0,0.0,0.0,0.0,0.0,0.0,0.0,0.0,0.0,0.0,0.0
lignite,0.0,0.0,0.0,0.0,0.0,0.0,0.0,0.0,0.0,0.0,0.0,0.0,0.0,0.0,0.0,0.0,0.0,0.0,0.0,0.0,0.0,0.0,0.0,0.0,0.0,0.0,0.0
crude oil,0.0,752684000000000.0,752684000000000.0,752684000000000.0,752684000000000.0,752684000000000.0,752684000000000.0,752684000000000.0,752684000000000.0,752684000000000.0,752684000000000.0,752684000000000.0,752684000000000.0,752684000000000.0,752684000000000.0,752684000000000.0,752684000000000.0,752684000000000.0,752684000000000.0,752684000000000.0,752684000000000.0,752684000000000.0,752684000000000.0,752684000000000.0,752684000000000.0,752684000000000.0,752684000000000.0
heavy fuel oil,0.0,37065300000000.0,37013700000000.0,37110800000000.0,37235500000000.0,37486800000000.0,37787000000000.0,38824100000000.0,39738300000000.0,40639100000000.0,41423400000000.0,42196000000000.0,42852000000000.0,43335700000000.0,43714100000000.0,44117500000000.0,44336700000000.0,44545500000000.0,44856800000000.0,45138900000000.0,45444000000000.0,45884400000000.0,46381700000000.0,46761900000000.0,47175700000000.0,47564800000000.0,48084200000000.0
LPG propane or butane,0.0,23492800000000.0,23406900000000.0,23851600000000.0,23867800000000.0,23808400000000.0,23760600000000.0,23718100000000.0,23697400000000.0,23650100000000.0,23614100000000.0,23588900000000.0,23566800000000.0,23561600000000.0,23554200000000.0,23553500000000.0,23544400000000.0,23531000000000.0,23530600000000.0,23529200000000.0,23532400000000.0,23547300000000.0,23562200000000.0,23577700000000.0,23588300000000.0,23590900000000.0,23604700000000.0
municipal solid waste,0.0,5297400000000.0,4584060000000.0,5130340000000.0,5093840000000.0,4313480000000.0,4183640000000.0,2988310000000.0,2976160000000.0,1792990000000.0,0.0,0.0,0.0,0.0,0.0,0.0,0.0,0.0,0.0,0.0,0.0,0.0,0.0,0.0,0.0,0.0,0.0
hydrogen,0.0,0.0,0.0,0.0,0.0,0.0,0.0,0.0,0.0,0.0,0.0,0.0,0.0,0.0,0.0,0.0,0.0,0.0,0.0,0.0,0.0,0.0,0.0,0.0,0.0,0.0,0.0
