Pollutant:,PM25,Unit: grams,,,,,,,,,,,,,,,,,,,,,,,,,,,,,,,,,,
,2015.0,2016.0,2017.0,2018.0,2019.0,2020.0,2021.0,2022.0,2023.0,2024.0,2025.0,2026.0,2027.0,2028.0,2029.0,2030.0,2031.0,2032.0,2033.0,2034.0,2035.0,2036.0,2037.0,2038.0,2039.0,2040.0,2041.0,2042.0,2043.0,2044.0,2045.0,2046.0,2047.0,2048.0,2049.0,2050.0
agriculture and forestry 01T03,0.0,0.0,0.0,0.0,0.0,150822.22222222222,151860.31746031746,152901.5873015873,161691.16360454942,165098.63046525308,166840.8187227026,168202.62945657724,169529.63199134145,170722.89018335348,172045.03721518614,173329.90297216942,173023.94134398072,173131.24120858606,172394.52503194922,172072.4016355322,171705.8647943182,171565.88568378292,171370.6964043575,171378.26044098794,171377.39751802542,171369.4346058923,171303.46092962974,171551.2394260611,171726.44090227212,171980.37584072704,172440.9370687349,173906.61750147244,175397.27638398283,176928.8017789227,178256.76140861504,179621.65861103297
coal mining 05,0.0,0.0,0.0,0.0,0.0,0.0,0.0,0.0,0.0,0.0,0.0,0.0,0.0,0.0,0.0,0.0,0.0,0.0,0.0,0.0,0.0,0.0,0.0,0.0,0.0,0.0,0.0,0.0,0.0,0.0,0.0,0.0,0.0,0.0,0.0,0.0
oil and gas extraction 06,0.0,0.0,0.0,0.0,0.0,1240544.6269982238,1263004.431616341,1196668.4084332369,1200568.0345394737,1299090.8497068977,1321549.475469258,1275695.0130792016,1300993.6593692799,1341806.2816391722,1370745.239853058,1408094.453579126,1434718.0317691062,1456606.7086681982,1466901.6211273882,1470939.1276910247,1481377.7069046067,1479500.8199418236,1482919.816895061,1488539.0786859284,1489843.6435611297,1514454.9347711394,1520032.2907456132,1533482.4445496888,1537112.205220362,1543811.034239304,1555141.6700169516,1567623.760721723,1573312.6412986373,1566943.441195065,1574094.3062160949,1588263.7647373108
other mining and quarrying 07T08,0.0,0.0,0.0,0.0,0.0,0.0,0.0,0.0,0.0,0.0,0.0,0.0,0.0,0.0,0.0,0.0,0.0,0.0,0.0,0.0,0.0,0.0,0.0,0.0,0.0,0.0,0.0,0.0,0.0,0.0,0.0,0.0,0.0,0.0,0.0,0.0
food beverage and tobacco 10T12,0.0,0.0,0.0,0.0,0.0,0.0,0.0,0.0,0.0,0.0,0.0,0.0,0.0,0.0,0.0,0.0,0.0,0.0,0.0,0.0,0.0,0.0,0.0,0.0,0.0,0.0,0.0,0.0,0.0,0.0,0.0,0.0,0.0,0.0,0.0,0.0
textiles apparel and leather 13T15,0.0,0.0,0.0,0.0,0.0,0.0,0.0,0.0,0.0,0.0,0.0,0.0,0.0,0.0,0.0,0.0,0.0,0.0,0.0,0.0,0.0,0.0,0.0,0.0,0.0,0.0,0.0,0.0,0.0,0.0,0.0,0.0,0.0,0.0,0.0,0.0
wood products 16,0.0,0.0,0.0,0.0,0.0,0.0,0.0,0.0,0.0,0.0,0.0,0.0,0.0,0.0,0.0,0.0,0.0,0.0,0.0,0.0,0.0,0.0,0.0,0.0,0.0,0.0,0.0,0.0,0.0,0.0,0.0,0.0,0.0,0.0,0.0,0.0
pulp paper and printing 17T18,0.0,0.0,0.0,0.0,0.0,280743767.2322375,284785691.0569106,301725910.14057106,312661618.2737316,309513919.2602301,309250102.34786326,310442603.1479199,310198785.34768206,311497197.33745813,313619563.2667933,315232048.05892175,318380970.6289665,321417404.9952316,323249819.4413335,325590130.1108996,327844776.57150644,328496430.4075586,329746682.9515717,332917056.42428327,333100197.39779514,336138352.2841951,340390904.9213761,343635661.16725755,346070975.2035537,347387716.4314668,348489441.1738767,349698320.87782705,349634865.17157555,350142892.1819412,351107055.4943052,352267122.4249312
refined petroleum and coke 19,0.0,0.0,0.0,0.0,0.0,497709093.34524345,499129135.7748995,500676764.5744918,463127125.5431054,605978418.2556082,636819594.8889819,672872013.5151734,700653268.2433982,696072187.7231014,681437031.7202562,677596093.16041,668031969.4005642,685065177.2587324,688936173.7349491,687794182.3228943,699943519.0587032,701113503.9996152,709215240.1032653,701436188.5166296,701963377.3131611,703196098.9841298,696153781.1672924,702495173.795315,699594385.2354746,704211551.1364487,706433801.8940974,758332234.2555699,757968748.4992886,725660760.9079102,705927869.8621902,713085939.2648853
chemicals 20,0.0,0.0,0.0,0.0,0.0,65050540.29528268,60715389.045616515,57482368.64500728,62502571.67180833,68083399.98214614,62233861.898915075,58120852.19410618,59809988.73923541,61756047.22434644,63750351.4045674,65628254.629587,66980396.06793763,68328163.16642752,70072144.7770811,71461445.20284797,72710993.9987495,74370351.11094388,75966411.07070498,77285418.00188053,78168051.96530192,79271448.19831307,80481849.60214698,82804641.7898722,85066951.45717508,86799999.84077615,88727910.09880391,89671366.15999235,89981817.9980172,90306483.66713125,91583530.001234,93214581.55273159
rubber and plastic products 22,0.0,0.0,0.0,0.0,0.0,0.0,0.0,0.0,0.0,0.0,0.0,0.0,0.0,0.0,0.0,0.0,0.0,0.0,0.0,0.0,0.0,0.0,0.0,0.0,0.0,0.0,0.0,0.0,0.0,0.0,0.0,0.0,0.0,0.0,0.0,0.0
glass and glass products 231,0.0,0.0,0.0,0.0,0.0,0.0,0.0,0.0,0.0,0.0,0.0,0.0,0.0,0.0,0.0,0.0,0.0,0.0,0.0,0.0,0.0,0.0,0.0,0.0,0.0,0.0,0.0,0.0,0.0,0.0,0.0,0.0,0.0,0.0,0.0,0.0
cement and other nonmetallic minerals 239,0.0,0.0,0.0,0.0,0.0,163074638.7047702,170649228.5124416,162724717.26190475,169627053.3070089,192987370.0028442,175639711.00040394,162604570.43805677,154526749.6134181,147944016.18806878,145958875.2784521,143702944.46238324,141694031.39242652,139882433.63234684,116054734.02146305,111617326.44453996,106684659.39338912,101977909.5820029,99051918.5821697,96573817.84697597,92565048.47016135,89985620.30523759,87181970.69876961,84763572.11821881,82951541.45802319,81609374.64842772,79500877.35589634,78150998.30293295,76937930.34967455,75645872.01558444,74730404.45114322,74052280.1587889
iron and steel 241,0.0,0.0,0.0,0.0,0.0,77109890.0203666,77998077.39307536,92002745.84323041,89557678.89908257,86819463.48254818,81022129.39004676,72889082.65090044,69852677.79507558,70824822.32448147,71055230.52355441,70236961.3361814,68720150.34029712,66168448.37874218,66169300.68998406,67293894.70081446,67603863.64882925,68313206.38234273,69064262.7120088,69712479.54665218,70549300.81213437,71148737.01849909,71356665.99302141,72066894.38753314,73391725.95149241,74160729.57994775,74396289.29652803,74177076.82701217,73305825.32910037,72300214.72243126,72340889.16422532,73018913.8523045
other metals 242,0.0,0.0,0.0,0.0,0.0,18420853.69484317,18982516.16161616,19247892.82722513,20907778.396436527,21606458.973565392,21366524.446481243,21271343.775130037,21735587.991572727,22525541.242028087,23173476.11360482,23720447.97753149,24033890.417322602,24083223.32021422,24069977.51469853,24129912.758899264,24277250.247666273,24505862.22870313,24753350.210039303,24946110.061455805,25089000.498643544,25337961.40624071,25527649.415127147,25675790.678457532,25919179.831381764,26174659.480156876,26303291.235145245,26344778.04039851,26378237.18066008,26441693.53010684,26508687.762121443,26502289.61558367
metal products except machinery and vehicles 25,0.0,0.0,0.0,0.0,0.0,0.0,0.0,0.0,0.0,0.0,0.0,0.0,0.0,0.0,0.0,0.0,0.0,0.0,0.0,0.0,0.0,0.0,0.0,0.0,0.0,0.0,0.0,0.0,0.0,0.0,0.0,0.0,0.0,0.0,0.0,0.0
computers and electronics 26,0.0,0.0,0.0,0.0,0.0,0.0,0.0,0.0,0.0,0.0,0.0,0.0,0.0,0.0,0.0,0.0,0.0,0.0,0.0,0.0,0.0,0.0,0.0,0.0,0.0,0.0,0.0,0.0,0.0,0.0,0.0,0.0,0.0,0.0,0.0,0.0
appliances and electrical equipment 27,0.0,0.0,0.0,0.0,0.0,0.0,0.0,0.0,0.0,0.0,0.0,0.0,0.0,0.0,0.0,0.0,0.0,0.0,0.0,0.0,0.0,0.0,0.0,0.0,0.0,0.0,0.0,0.0,0.0,0.0,0.0,0.0,0.0,0.0,0.0,0.0
other machinery 28,0.0,0.0,0.0,0.0,0.0,0.0,0.0,0.0,0.0,0.0,0.0,0.0,0.0,0.0,0.0,0.0,0.0,0.0,0.0,0.0,0.0,0.0,0.0,0.0,0.0,0.0,0.0,0.0,0.0,0.0,0.0,0.0,0.0,0.0,0.0,0.0
road vehicles 29,0.0,0.0,0.0,0.0,0.0,0.0,0.0,0.0,0.0,0.0,0.0,0.0,0.0,0.0,0.0,0.0,0.0,0.0,0.0,0.0,0.0,0.0,0.0,0.0,0.0,0.0,0.0,0.0,0.0,0.0,0.0,0.0,0.0,0.0,0.0,0.0
nonroad vehicles 30,0.0,0.0,0.0,0.0,0.0,0.0,0.0,0.0,0.0,0.0,0.0,0.0,0.0,0.0,0.0,0.0,0.0,0.0,0.0,0.0,0.0,0.0,0.0,0.0,0.0,0.0,0.0,0.0,0.0,0.0,0.0,0.0,0.0,0.0,0.0,0.0
other manufacturing 31T33,0.0,0.0,0.0,0.0,0.0,585662328.2923756,590559281.663516,642116778.0421375,698159616.5718474,686768886.0908042,668200034.488751,658744074.6096238,657382224.3945662,659755862.8489501,669639917.8134496,681756301.1101774,693514488.0378718,713447318.7129384,730502400.8553827,748147718.675994,763224125.7888627,772252683.756777,783870245.92585,800874122.8896466,811328433.8187009,826999543.2458844,842298493.011461,855246524.0102419,865507657.7437326,875588331.4281893,887251035.7202396,907456255.3564825,920083100.826071,930999913.7291228,943050436.2116838,955398422.2479935
energy pipelines and gas processing 352T353,0.0,0.0,0.0,0.0,0.0,93410122.02097236,93053092.27836034,107362448.49287842,117398202.1978022,134822702.9212572,137319537.60182464,138103222.37610024,147147936.42324936,158515882.96836168,160296014.8222957,162862314.2835599,160974082.74366343,157631081.87855792,151977025.96899965,148189880.10651582,146643129.68697706,146495235.39688396,146621194.6026829,144813052.36275375,145471880.07843047,144770025.65306222,143284879.64650714,143147296.68221074,143959567.38665435,144658299.98918974,145443694.41214123,145935653.5509952,144966083.92934284,144363426.84525433,145078558.0123304,146697910.09199986
water and waste 36T39,0.0,0.0,0.0,0.0,0.0,0.0,0.0,0.0,0.0,0.0,0.0,0.0,0.0,0.0,0.0,0.0,0.0,0.0,0.0,0.0,0.0,0.0,0.0,0.0,0.0,0.0,0.0,0.0,0.0,0.0,0.0,0.0,0.0,0.0,0.0,0.0
construction 41T43,0.0,0.0,0.0,0.0,0.0,0.0,0.0,0.0,0.0,0.0,0.0,0.0,0.0,0.0,0.0,0.0,0.0,0.0,0.0,0.0,0.0,0.0,0.0,0.0,0.0,0.0,0.0,0.0,0.0,0.0,0.0,0.0,0.0,0.0,0.0,0.0
