Pollutant:,VOC,Unit: grams of VOC,,,,,,,,,,,,,,,,,,,,,,,,,,,,,,,,,,
,2015.0,2016.0,2017.0,2018.0,2019.0,2020.0,2021.0,2022.0,2023.0,2024.0,2025.0,2026.0,2027.0,2028.0,2029.0,2030.0,2031.0,2032.0,2033.0,2034.0,2035.0,2036.0,2037.0,2038.0,2039.0,2040.0,2041.0,2042.0,2043.0,2044.0,2045.0,2046.0,2047.0,2048.0,2049.0,2050.0
agriculture and forestry 01T03,0.0,0.0,0.0,0.0,0.0,856380484.7953217,862274871.5121136,868187283.8763576,918095192.0384951,937443057.8841124,947335340.3510888,955067809.2094026,962602634.3651518,969378048.5839901,976885303.8107647,984180873.0156863,982443598.7359654,983052855.8382366,978869723.2254893,977040681.149839,974959456.0283066,974164643.5877049,973056343.4494475,973099292.6465958,973094392.9018894,973049178.8581463,972674575.1158798,974081480.9800769,975076288.7936988,976518151.4217407,979133254.4344664,987455503.6431632,995919582.4616535,1004615704.5640212,1012155964.1803325,1019905958.250704
coal mining 05,0.0,0.0,0.0,0.0,0.0,0.0,0.0,0.0,0.0,0.0,0.0,0.0,0.0,0.0,0.0,0.0,0.0,0.0,0.0,0.0,0.0,0.0,0.0,0.0,0.0,0.0,0.0,0.0,0.0,0.0,0.0,0.0,0.0,0.0,0.0,0.0
oil and gas extraction 06,0.0,0.0,0.0,0.0,0.0,270521278.97424513,275419010.9369449,260953343.64613476,261803721.63240132,283288251.4003681,288185726.2940677,278186402.17265314,283703190.5265469,292603057.99964166,298913676.59233636,307058290.5352516,312864002.2090441,317637190.32410973,319882166.3006103,320762611.40165037,323038916.2907095,322629630.03803295,323375198.88615793,324600571.88239986,324885053.83561933,330251953.04298556,331468187.78269047,334401216.33345133,335192745.69695103,336653536.1871882,339124368.767857,341846295.14457905,343086849.6688628,341697940.21686625,343257304.6356555,346347189.4798686
other mining and quarrying 07T08,0.0,0.0,0.0,0.0,0.0,0.0,0.0,0.0,0.0,0.0,0.0,0.0,0.0,0.0,0.0,0.0,0.0,0.0,0.0,0.0,0.0,0.0,0.0,0.0,0.0,0.0,0.0,0.0,0.0,0.0,0.0,0.0,0.0,0.0,0.0,0.0
food beverage and tobacco 10T12,0.0,0.0,0.0,0.0,0.0,0.0,0.0,0.0,0.0,0.0,0.0,0.0,0.0,0.0,0.0,0.0,0.0,0.0,0.0,0.0,0.0,0.0,0.0,0.0,0.0,0.0,0.0,0.0,0.0,0.0,0.0,0.0,0.0,0.0,0.0,0.0
textiles apparel and leather 13T15,0.0,0.0,0.0,0.0,0.0,0.0,0.0,0.0,0.0,0.0,0.0,0.0,0.0,0.0,0.0,0.0,0.0,0.0,0.0,0.0,0.0,0.0,0.0,0.0,0.0,0.0,0.0,0.0,0.0,0.0,0.0,0.0,0.0,0.0,0.0,0.0
wood products 16,0.0,0.0,0.0,0.0,0.0,0.0,0.0,0.0,0.0,0.0,0.0,0.0,0.0,0.0,0.0,0.0,0.0,0.0,0.0,0.0,0.0,0.0,0.0,0.0,0.0,0.0,0.0,0.0,0.0,0.0,0.0,0.0,0.0,0.0,0.0,0.0
pulp paper and printing 17T18,0.0,0.0,0.0,0.0,0.0,1202477224.814422,1219789528.4552844,1292347604.5696428,1339187255.176972,1325705080.9808297,1324575104.5907228,1329682804.9923315,1328638488.4802299,1334199825.999933,1343290309.8881707,1350196879.0241833,1363684293.9381912,1376689901.1724107,1384538469.4935572,1394562450.8160543,1404219516.5654273,1407010669.8795006,1412365731.6294491,1425945024.7075315,1426729451.2034411,1439742427.742053,1457956893.3522708,1471854781.5376894,1482285679.7648776,1487925524.7849457,1492644414.6246848,1497822268.8861415,1497550476.4174993,1499726449.6032188,1503856138.520445,1508824918.6899588
refined petroleum and coke 19,0.0,0.0,0.0,0.0,0.0,5891042760.160787,5907850832.961143,5926169058.521331,5481719615.824377,7172552845.447228,7537598798.49524,7964326665.383511,8293154411.798354,8238931289.107511,8065704938.680794,8020242371.093131,7907038367.416951,8108648820.5447855,8154467163.168486,8140950190.44264,8284753595.23315,8298601908.249356,8394496627.587011,8302421304.585867,8308661278.467344,8323252163.327897,8239897055.003903,8314955790.3779335,8280621136.515481,8335271377.222509,8361574642.346955,8975860956.008236,8971558623.25685,8589151030.266517,8355586270.276703,8440311451.100804
chemicals 20,0.0,0.0,0.0,0.0,0.0,1417819906.7338855,1424983839.5044277,1352337176.208013,1470099399.5489151,1592756798.392188,1464212054.1917706,1373024108.300352,1408971558.2623687,1450915037.2669673,1494426259.939917,1536071514.0426607,1566054709.391887,1596327872.5873077,1634065508.6565018,1663853336.4895082,1691023237.199956,1726798284.245846,1761375551.696996,1790205910.5042913,1808919338.2766285,1833053825.857637,1859881513.5657856,1911309314.784127,1960623428.0315864,1998394914.1700711,2040121742.8277698,2061059485.7625284,2067156020.3847284,2074002015.5395465,2102229276.1122909,2138119531.5886462
rubber and plastic products 22,0.0,0.0,0.0,0.0,0.0,0.0,0.0,0.0,0.0,0.0,0.0,0.0,0.0,0.0,0.0,0.0,0.0,0.0,0.0,0.0,0.0,0.0,0.0,0.0,0.0,0.0,0.0,0.0,0.0,0.0,0.0,0.0,0.0,0.0,0.0,0.0
glass and glass products 231,0.0,0.0,0.0,0.0,0.0,0.0,0.0,0.0,0.0,0.0,0.0,0.0,0.0,0.0,0.0,0.0,0.0,0.0,0.0,0.0,0.0,0.0,0.0,0.0,0.0,0.0,0.0,0.0,0.0,0.0,0.0,0.0,0.0,0.0,0.0,0.0
cement and other nonmetallic minerals 239,0.0,0.0,0.0,0.0,0.0,125340058.67651853,131161929.80549821,125071107.14285713,130376280.35538006,148331147.45558482,134997641.92378628,124978761.63732353,118770104.39803573,113710579.5060083,112184789.35207167,110450868.59589486,108906807.02958195,107514403.08896844,89200302.92553656,85789687.20698768,81998412.34945282,78380778.71726756,76131846.04129201,74227164.27089225,71146002.21588854,69163439.62914127,67008539.216825865,65149744.84881737,63757008.17880857,62725411.43265279,61104808.888540365,60067284.469976775,59134913.81045764,58141830.712468825,57438197.33848206,56916987.30074259
iron and steel 241,0.0,0.0,0.0,0.0,0.0,40866827.174861796,41337550.189118415,48759767.56023075,47463926.933158584,46012722.99335921,42940242.27304416,38629876.697292745,37020637.824780665,37535856.59194171,37657968.71074642,37224301.05210944,36420419.04930331,35068063.81916254,35068515.528485596,35664529.72420487,35828807.58045324,36204746.21673688,36602792.29376985,36946335.32497132,37389835.2446791,37707525.43774502,37817723.97990618,38194132.00027196,38896268.42590846,39303826.242067,39428668.57064903,39312489.98313047,38850742.67183748,38317787.49764256,38339344.20564451,38698684.85235926
other metals 242,0.0,0.0,0.0,0.0,0.0,20971530.56884636,21610964.646464646,21913087.17277487,23802811.80400891,24598236.45282522,24325078.95683602,24216718.92141788,24745245.554212518,25644581.11239687,26382233.459622078,27004942.77346068,27361786.588440515,27417950.461091604,27402870.55112199,27471104.83747641,27638843.678509597,27899110.831603635,28180867.684570063,28400318.377974078,28562994.39837575,28846428.129005898,29062381.63163968,29231035.543337073,29508126.016190946,29798981.117304172,29945424.101247836,29992655.452138837,30030747.57286391,30102990.520680293,30179261.230382748,30171977.152895153
metal products except machinery and vehicles 25,0.0,0.0,0.0,0.0,0.0,0.0,0.0,0.0,0.0,0.0,0.0,0.0,0.0,0.0,0.0,0.0,0.0,0.0,0.0,0.0,0.0,0.0,0.0,0.0,0.0,0.0,0.0,0.0,0.0,0.0,0.0,0.0,0.0,0.0,0.0,0.0
computers and electronics 26,0.0,0.0,0.0,0.0,0.0,0.0,0.0,0.0,0.0,0.0,0.0,0.0,0.0,0.0,0.0,0.0,0.0,0.0,0.0,0.0,0.0,0.0,0.0,0.0,0.0,0.0,0.0,0.0,0.0,0.0,0.0,0.0,0.0,0.0,0.0,0.0
appliances and electrical equipment 27,0.0,0.0,0.0,0.0,0.0,0.0,0.0,0.0,0.0,0.0,0.0,0.0,0.0,0.0,0.0,0.0,0.0,0.0,0.0,0.0,0.0,0.0,0.0,0.0,0.0,0.0,0.0,0.0,0.0,0.0,0.0,0.0,0.0,0.0,0.0,0.0
other machinery 28,0.0,0.0,0.0,0.0,0.0,0.0,0.0,0.0,0.0,0.0,0.0,0.0,0.0,0.0,0.0,0.0,0.0,0.0,0.0,0.0,0.0,0.0,0.0,0.0,0.0,0.0,0.0,0.0,0.0,0.0,0.0,0.0,0.0,0.0,0.0,0.0
road vehicles 29,0.0,0.0,0.0,0.0,0.0,0.0,0.0,0.0,0.0,0.0,0.0,0.0,0.0,0.0,0.0,0.0,0.0,0.0,0.0,0.0,0.0,0.0,0.0,0.0,0.0,0.0,0.0,0.0,0.0,0.0,0.0,0.0,0.0,0.0,0.0,0.0
nonroad vehicles 30,0.0,0.0,0.0,0.0,0.0,0.0,0.0,0.0,0.0,0.0,0.0,0.0,0.0,0.0,0.0,0.0,0.0,0.0,0.0,0.0,0.0,0.0,0.0,0.0,0.0,0.0,0.0,0.0,0.0,0.0,0.0,0.0,0.0,0.0,0.0,0.0
other manufacturing 31T33,0.0,0.0,0.0,0.0,0.0,1603289137.6811595,1616694869.5652175,1757836906.3953776,1911257862.326568,1880074988.5642095,1829241536.189716,1803355224.1833458,1799627069.6624339,1806125061.025123,1833183311.4798362,1866352707.5450842,1898541517.4946043,1953108952.2786598,1999798361.209859,2048103579.1247706,2089376235.0420458,2114092506.2099185,2145896346.6350305,2192445578.0223565,2221064941.6808753,2263965634.29205,2305847515.355831,2341293601.695775,2369384130.077833,2396980637.2083545,2428908057.163727,2484221174.6416845,2518787994.4738503,2548673487.700969,2581662585.4563365,2615466009.2517133
energy pipelines and gas processing 352T353,0.0,0.0,0.0,0.0,0.0,1331036213.5367017,1325948761.4871306,1529848198.7413049,1672851454.945055,1921139766.3606842,1956718109.5546196,1967885130.7723422,2096766687.4749072,2258752864.1089215,2284118637.230643,2320686810.3988085,2293780683.902367,2246144998.207181,2165578213.728583,2111613737.7183712,2089573505.0629976,2087466103.2993536,2089260943.7376204,2063496040.015186,2072883925.707601,2062882936.1297653,2041720528.091476,2039760056.3151605,2051334409.2805347,2061290914.8222423,2072482297.4715812,2079492409.6010568,2065676644.7776837,2057089155.69287,2067279330.592688,2090354091.8056328
water and waste 36T39,0.0,0.0,0.0,0.0,0.0,0.0,0.0,0.0,0.0,0.0,0.0,0.0,0.0,0.0,0.0,0.0,0.0,0.0,0.0,0.0,0.0,0.0,0.0,0.0,0.0,0.0,0.0,0.0,0.0,0.0,0.0,0.0,0.0,0.0,0.0,0.0
construction 41T43,0.0,0.0,0.0,0.0,0.0,0.0,0.0,0.0,0.0,0.0,0.0,0.0,0.0,0.0,0.0,0.0,0.0,0.0,0.0,0.0,0.0,0.0,0.0,0.0,0.0,0.0,0.0,0.0,0.0,0.0,0.0,0.0,0.0,0.0,0.0,0.0
