Pollutant:,NOX,Unit: grams,,,,,,,,,,,,,,,,,,,,,,,,,,,,,,,,,,
,2015.0,2016.0,2017.0,2018.0,2019.0,2020.0,2021.0,2022.0,2023.0,2024.0,2025.0,2026.0,2027.0,2028.0,2029.0,2030.0,2031.0,2032.0,2033.0,2034.0,2035.0,2036.0,2037.0,2038.0,2039.0,2040.0,2041.0,2042.0,2043.0,2044.0,2045.0,2046.0,2047.0,2048.0,2049.0,2050.0
agriculture and forestry 01T03,0.0,0.0,0.0,0.0,0.0,7938.0116959064335,7992.648287385129,8047.451963241437,8510.061242344706,8689.401603434373,8781.095722247508,8852.769971398802,8922.612210070603,8985.415272808077,9055.001958694007,9122.626472219443,9106.523228630564,9112.17058992558,9073.396054313118,9056.442191343798,9037.150778648329,9029.783457041205,9019.510337071446,9019.90844426252,9019.863027264495,9019.443926625909,9015.971627875251,9029.01260137164,9038.233731698534,9051.598728459316,9075.838793091312,9152.979868498549,9231.435599156992,9312.042198890667,9381.93481097974,9453.771505843839
coal mining 05,0.0,0.0,0.0,0.0,0.0,0.0,0.0,0.0,0.0,0.0,0.0,0.0,0.0,0.0,0.0,0.0,0.0,0.0,0.0,0.0,0.0,0.0,0.0,0.0,0.0,0.0,0.0,0.0,0.0,0.0,0.0,0.0,0.0,0.0,0.0,0.0
oil and gas extraction 06,0.0,0.0,0.0,0.0,0.0,61064908.08170515,62170475.648312606,58905133.09632079,59097089.35855263,63946803.364172325,65052312.90246153,62795160.30186525,64040467.78752448,66049439.47080427,67473938.66644163,69312426.58011308,70622952.87606032,71700407.09558927,72207166.682748,72405910.01033337,72919741.48911168,72827353.09181605,72995650.73314013,73272254.81273429,73336471.07102689,74547944.00219251,74822485.29841685,75484559.34868139,75663231.68088889,75992976.67304331,76550718.98816144,77165140.83560334,77445171.84936677,77131652.60111548,77483648.73709528,78181130.03952877
other mining and quarrying 07T08,0.0,0.0,0.0,0.0,0.0,0.0,0.0,0.0,0.0,0.0,0.0,0.0,0.0,0.0,0.0,0.0,0.0,0.0,0.0,0.0,0.0,0.0,0.0,0.0,0.0,0.0,0.0,0.0,0.0,0.0,0.0,0.0,0.0,0.0,0.0,0.0
food beverage and tobacco 10T12,0.0,0.0,0.0,0.0,0.0,0.0,0.0,0.0,0.0,0.0,0.0,0.0,0.0,0.0,0.0,0.0,0.0,0.0,0.0,0.0,0.0,0.0,0.0,0.0,0.0,0.0,0.0,0.0,0.0,0.0,0.0,0.0,0.0,0.0,0.0,0.0
textiles apparel and leather 13T15,0.0,0.0,0.0,0.0,0.0,0.0,0.0,0.0,0.0,0.0,0.0,0.0,0.0,0.0,0.0,0.0,0.0,0.0,0.0,0.0,0.0,0.0,0.0,0.0,0.0,0.0,0.0,0.0,0.0,0.0,0.0,0.0,0.0,0.0,0.0,0.0
wood products 16,0.0,0.0,0.0,0.0,0.0,0.0,0.0,0.0,0.0,0.0,0.0,0.0,0.0,0.0,0.0,0.0,0.0,0.0,0.0,0.0,0.0,0.0,0.0,0.0,0.0,0.0,0.0,0.0,0.0,0.0,0.0,0.0,0.0,0.0,0.0,0.0
pulp paper and printing 17T18,0.0,0.0,0.0,0.0,0.0,647081882.290562,656398048.7804878,695443292.6309122,720648833.8714131,713393752.0485076,712785684.6070912,715534260.8976393,714972289.094421,717964978.4161322,722856786.180924,726573376.952438,733831278.9315269,740829908.6234524,745053411.7865314,750447556.9465014,755644256.0220052,757146242.6733623,760027930.0479187,767335273.8743241,767757392.6163815,774759987.9080368,784561629.4266905,792040416.9340982,797653533.8560191,800688469.9496949,803227817.9363412,806014145.7042091,805867887.6474477,807038831.0930058,809261115.908625,811934935.8849438
refined petroleum and coke 19,0.0,0.0,0.0,0.0,0.0,2160672425.189817,2166837163.912461,2173555785.1239667,2010543956.0942144,2630695070.859001,2764583884.2303796,2921095926.7639813,3041700898.2845864,3021813348.5288653,2958278688.550763,2941604269.408995,2900084155.038356,2974029323.056699,2990834230.694515,2985876576.9429107,3038619709.8701587,3043698890.1252847,3078870435.1691256,3045099739.632096,3047388390.3936872,3052739925.573591,3022167564.8919897,3049697044.2040477,3037104037.694107,3057148242.5883937,3066795556.64817,3292098877.8318725,3290520900.5333915,3150264315.240016,3064599186.5095134,3095674052.094237
chemicals 20,0.0,0.0,0.0,0.0,0.0,161494672.5243068,19425556.43161008,14216299.780084128,15901821.178511715,28439848.61632211,15274295.888315467,7055381.6671126,12370589.003209887,17811789.553964213,22705976.21438209,26444344.128276512,29139327.48454578,31325733.601912048,36008774.20269962,40094553.42856346,43280454.28958612,47906013.46100962,52139562.562782906,55308568.69279799,58176884.36655854,60806083.65929847,63234681.45151483,67966577.93764438,73575805.95308329,77880162.0253542,83045213.41418193,84903700.19098663,86539852.38475299,87643367.20567335,90305877.02781998,93915425.34798984
rubber and plastic products 22,0.0,0.0,0.0,0.0,0.0,0.0,0.0,0.0,0.0,0.0,0.0,0.0,0.0,0.0,0.0,0.0,0.0,0.0,0.0,0.0,0.0,0.0,0.0,0.0,0.0,0.0,0.0,0.0,0.0,0.0,0.0,0.0,0.0,0.0,0.0,0.0
glass and glass products 231,0.0,0.0,0.0,0.0,0.0,0.0,0.0,0.0,0.0,0.0,0.0,0.0,0.0,0.0,0.0,0.0,0.0,0.0,0.0,0.0,0.0,0.0,0.0,0.0,0.0,0.0,0.0,0.0,0.0,0.0,0.0,0.0,0.0,0.0,0.0,0.0
cement and other nonmetallic minerals 239,0.0,0.0,0.0,0.0,0.0,2438897213.9519725,2552180592.1981964,2433663889.8809524,2536893234.945706,2886263386.914296,2626816807.448087,2431867008.6719837,2311057452.627642,2212607992.069044,2182918797.7699156,2149179747.811696,2119135023.945962,2092041290.8863494,1735681094.9819622,1669316508.4191186,1595544964.149847,1525152172.892214,1481391896.2837768,1444330137.1594896,1384376139.7620807,1345798956.8537629,1303868382.8023834,1267699511.865874,1240599304.4771123,1220526245.179968,1188992168.4331238,1168803767.05083,1150661472.9759524,1131337821.5712686,1117646352.9890745,1107504521.8590338
iron and steel 241,0.0,0.0,0.0,0.0,0.0,196664698.8652895,198929973.814373,234648140.48184597,228412126.474443,221428452.78253663,206642658.59683448,185899752.75960562,178155562.66354698,180634965.90324354,181222609.83678836,179135657.5238885,175267111.24970302,168759130.26658103,168761304.04135466,171629521.62573007,172420081.0442796,174229222.19390205,176144751.66574588,177797994.44110048,179932262.8486505,181461093.209873,181991405.06933752,183802805.05052447,187181717.93062937,189143021.0394334,189743803.6460979,189184713.82903987,186962632.9334828,184397876.23257092,184501614.24652514,186230880.37657806
other metals 242,0.0,0.0,0.0,0.0,0.0,26070779.797979802,26865692.92929293,27241276.858638745,29590489.977728285,30579322.948078148,30239746.925969336,30105039.03648017,30762077.46368136,31880087.387894895,32797100.66209717,33571222.38611448,34014833.14175624,34084653.31781262,34065906.7122227,34150732.23549002,34359256.948256575,34682808.32733626,35033074.6489166,35305885.00414882,35508115.86623972,35860466.80001256,36128929.61894152,36338591.90274555,36683057.20908913,37044634.02721164,37226684.77333251,37285400.475774795,37332754.73483573,37422563.629722774,37517379.64094145,37508324.43252033
metal products except machinery and vehicles 25,0.0,0.0,0.0,0.0,0.0,0.0,0.0,0.0,0.0,0.0,0.0,0.0,0.0,0.0,0.0,0.0,0.0,0.0,0.0,0.0,0.0,0.0,0.0,0.0,0.0,0.0,0.0,0.0,0.0,0.0,0.0,0.0,0.0,0.0,0.0,0.0
computers and electronics 26,0.0,0.0,0.0,0.0,0.0,0.0,0.0,0.0,0.0,0.0,0.0,0.0,0.0,0.0,0.0,0.0,0.0,0.0,0.0,0.0,0.0,0.0,0.0,0.0,0.0,0.0,0.0,0.0,0.0,0.0,0.0,0.0,0.0,0.0,0.0,0.0
appliances and electrical equipment 27,0.0,0.0,0.0,0.0,0.0,0.0,0.0,0.0,0.0,0.0,0.0,0.0,0.0,0.0,0.0,0.0,0.0,0.0,0.0,0.0,0.0,0.0,0.0,0.0,0.0,0.0,0.0,0.0,0.0,0.0,0.0,0.0,0.0,0.0,0.0,0.0
other machinery 28,0.0,0.0,0.0,0.0,0.0,0.0,0.0,0.0,0.0,0.0,0.0,0.0,0.0,0.0,0.0,0.0,0.0,0.0,0.0,0.0,0.0,0.0,0.0,0.0,0.0,0.0,0.0,0.0,0.0,0.0,0.0,0.0,0.0,0.0,0.0,0.0
road vehicles 29,0.0,0.0,0.0,0.0,0.0,0.0,0.0,0.0,0.0,0.0,0.0,0.0,0.0,0.0,0.0,0.0,0.0,0.0,0.0,0.0,0.0,0.0,0.0,0.0,0.0,0.0,0.0,0.0,0.0,0.0,0.0,0.0,0.0,0.0,0.0,0.0
nonroad vehicles 30,0.0,0.0,0.0,0.0,0.0,0.0,0.0,0.0,0.0,0.0,0.0,0.0,0.0,0.0,0.0,0.0,0.0,0.0,0.0,0.0,0.0,0.0,0.0,0.0,0.0,0.0,0.0,0.0,0.0,0.0,0.0,0.0,0.0,0.0,0.0,0.0
other manufacturing 31T33,0.0,0.0,0.0,0.0,0.0,1094496551.3547575,1103648068.05293,1199999667.3566086,1304733556.7254972,1283446349.7008216,1248744537.650995,1231073065.5799987,1228528014.802721,1232963914.0862918,1251435418.1415174,1274078738.5200489,1296052654.9234984,1333303496.1995783,1365176347.988431,1398152243.0891597,1426327310.5208783,1443200046.024289,1464911160.2874763,1496688318.8948925,1516225527.8050208,1545511985.8805566,1574102945.1225417,1598300464.0517864,1617476659.8590894,1636315608.6013453,1658111085.2958045,1695870972.0819554,1719468253.5756269,1739869794.6974761,1762390033.1728485,1785466177.018951
energy pipelines and gas processing 352T353,0.0,0.0,0.0,0.0,0.0,14376198.284080077,14321249.952335557,16523518.162747046,18068061.53846154,20749763.178303573,21134036.206470113,21254648.485562004,22646666.82095637,24396240.101448037,24670209.645115014,25065173.585994758,24774567.060315344,24260065.609500222,23389883.373287797,22807026.198156636,22568975.007919665,22546213.47422866,22565599.109094486,22287318.652922865,22388714.92209261,22280696.667032547,22052126.646898627,22030952.06825078,22155963.838439982,22263501.63224937,22384377.0332367,22460091.548696198,22310870.834393255,22218119.45423536,22328181.053926922,22577405.93540003
water and waste 36T39,0.0,0.0,0.0,0.0,0.0,0.0,0.0,0.0,0.0,0.0,0.0,0.0,0.0,0.0,0.0,0.0,0.0,0.0,0.0,0.0,0.0,0.0,0.0,0.0,0.0,0.0,0.0,0.0,0.0,0.0,0.0,0.0,0.0,0.0,0.0,0.0
construction 41T43,0.0,0.0,0.0,0.0,0.0,0.0,0.0,0.0,0.0,0.0,0.0,0.0,0.0,0.0,0.0,0.0,0.0,0.0,0.0,0.0,0.0,0.0,0.0,0.0,0.0,0.0,0.0,0.0,0.0,0.0,0.0,0.0,0.0,0.0,0.0,0.0
