Pollutant:,OC,Unit: grams,,,,,,,,,,,,,,,,,,,,,,,,,,,,,,,,,,
,2015.0,2016.0,2017.0,2018.0,2019.0,2020.0,2021.0,2022.0,2023.0,2024.0,2025.0,2026.0,2027.0,2028.0,2029.0,2030.0,2031.0,2032.0,2033.0,2034.0,2035.0,2036.0,2037.0,2038.0,2039.0,2040.0,2041.0,2042.0,2043.0,2044.0,2045.0,2046.0,2047.0,2048.0,2049.0,2050.0
agriculture and forestry 01T03,0.0,0.0,0.0,0.0,0.0,47628.0701754386,47955.88972431078,48284.71177944862,51060.36745406823,52136.40962060626,52686.57433348505,53116.61982839283,53535.67326042364,53912.491636848456,54330.011752164035,54735.75883331664,54639.1393717834,54673.02353955348,54440.3763258787,54338.6531480628,54222.90467188997,54178.70074224722,54117.06202242867,54119.45066557514,54119.178163586985,54116.66355975547,54095.82976725151,54174.075608229825,54229.4023901912,54309.59237075592,54455.03275854788,54917.87921099129,55388.61359494193,55872.253193344026,56291.608865878414,56722.62903506303
coal mining 05,0.0,0.0,0.0,0.0,0.0,0.0,0.0,0.0,0.0,0.0,0.0,0.0,0.0,0.0,0.0,0.0,0.0,0.0,0.0,0.0,0.0,0.0,0.0,0.0,0.0,0.0,0.0,0.0,0.0,0.0,0.0,0.0,0.0,0.0,0.0,0.0
oil and gas extraction 06,0.0,0.0,0.0,0.0,0.0,443321.93605683837,451348.188277087,427642.29847044236,429035.8717105263,464244.0570633414,472269.88800683373,455883.3037589183,464924.0465172609,479508.87508890644,489850.52238126623,503197.6647402688,512711.8861322892,520534.03973276756,524213.03718567424,525655.8834869516,529386.2217963806,528715.4960973671,529937.3113514859,531945.4148587055,532411.615117527,541206.7241612709,543199.8521752667,548006.4089850067,549303.5429154801,551697.441357632,555746.5656538344,560207.1747257273,562240.1572532938,559964.0552416461,562519.4936004216,567583.1016704533
other mining and quarrying 07T08,0.0,0.0,0.0,0.0,0.0,0.0,0.0,0.0,0.0,0.0,0.0,0.0,0.0,0.0,0.0,0.0,0.0,0.0,0.0,0.0,0.0,0.0,0.0,0.0,0.0,0.0,0.0,0.0,0.0,0.0,0.0,0.0,0.0,0.0,0.0,0.0
food beverage and tobacco 10T12,0.0,0.0,0.0,0.0,0.0,0.0,0.0,0.0,0.0,0.0,0.0,0.0,0.0,0.0,0.0,0.0,0.0,0.0,0.0,0.0,0.0,0.0,0.0,0.0,0.0,0.0,0.0,0.0,0.0,0.0,0.0,0.0,0.0,0.0,0.0,0.0
textiles apparel and leather 13T15,0.0,0.0,0.0,0.0,0.0,0.0,0.0,0.0,0.0,0.0,0.0,0.0,0.0,0.0,0.0,0.0,0.0,0.0,0.0,0.0,0.0,0.0,0.0,0.0,0.0,0.0,0.0,0.0,0.0,0.0,0.0,0.0,0.0,0.0,0.0,0.0
wood products 16,0.0,0.0,0.0,0.0,0.0,0.0,0.0,0.0,0.0,0.0,0.0,0.0,0.0,0.0,0.0,0.0,0.0,0.0,0.0,0.0,0.0,0.0,0.0,0.0,0.0,0.0,0.0,0.0,0.0,0.0,0.0,0.0,0.0,0.0,0.0,0.0
pulp paper and printing 17T18,0.0,0.0,0.0,0.0,0.0,62288392.36479321,63185170.73170731,66943683.42615204,69369980.13685226,68671602.70488933,68613069.86011067,68877649.04725187,68823553.38929138,69111631.00635712,69582518.61697589,69940279.31244761,70638928.21391028,71312619.44866318,71719175.75842194,72238418.59212252,72738655.17712922,72883237.0861996,73160629.60602051,73864037.80189268,73904671.14142731,74578744.10658972,75522254.51762423,76242165.95916441,76782487.11293313,77074631.42322624,77319070.19994344,77587283.36123228,77573204.49505568,77685920.03658146,77899838.17017472,78157221.2809616
refined petroleum and coke 19,0.0,0.0,0.0,0.0,0.0,75091344.35015632,75305591.78204556,75539088.6754523,69873825.7489138,91426366.69173855,96079497.2969577,101518868.64442356,105710336.69909595,105019170.91682489,102811106.90167616,102231609.2716718,100788631.9978772,103358499.60481337,103942532.19184147,103770235.41946147,105603254.02541615,105779774.29249023,107002115.342167,105828458.98502964,105907998.0490878,106093983.65537928,105031481.24327132,105988232.29294543,105550578.82117559,106247188.94790947,106582468.73103216,114412591.00084037,114357750.4635541,109483316.27313457,106506136.75933693,107586103.07216302
chemicals 20,0.0,0.0,0.0,0.0,0.0,7554999.927979834,5276972.31789401,4939558.790822395,5376953.165540541,6007315.2040065145,5346279.915592442,4895514.665954704,5106851.658784334,5341110.40678211,5571961.128494552,5777578.079146891,5925671.893098736,6066531.2763109505,6273854.484342415,6443813.118313101,6590068.364678047,6789625.656669404,6978657.464297274,7130420.891141008,7242080.872283384,7368741.9378178315,7501529.468630217,7757316.542301953,8019965.081514523,8221267.596803836,8450295.481841696,8553331.409945378,8601083.178722618,8642810.54198986,8784263.435304405,8967752.130758649
rubber and plastic products 22,0.0,0.0,0.0,0.0,0.0,0.0,0.0,0.0,0.0,0.0,0.0,0.0,0.0,0.0,0.0,0.0,0.0,0.0,0.0,0.0,0.0,0.0,0.0,0.0,0.0,0.0,0.0,0.0,0.0,0.0,0.0,0.0,0.0,0.0,0.0,0.0
glass and glass products 231,0.0,0.0,0.0,0.0,0.0,0.0,0.0,0.0,0.0,0.0,0.0,0.0,0.0,0.0,0.0,0.0,0.0,0.0,0.0,0.0,0.0,0.0,0.0,0.0,0.0,0.0,0.0,0.0,0.0,0.0,0.0,0.0,0.0,0.0,0.0,0.0
cement and other nonmetallic minerals 239,0.0,0.0,0.0,0.0,0.0,20570031.511463653,21525480.82147126,20525892.85714286,21396544.91609082,24343186.12509598,22154974.05751416,20510737.68665047,19491811.44387895,18661473.660723463,18411070.462593812,18126510.16344007,17873108.374657873,17644595.692937925,14638999.386028975,14079270.32937435,13457069.86041349,12863366.31027366,12494285.455354275,12181700.919730676,11676039.750966389,11350673.899749665,10997025.035584114,10691971.255276376,10463403.96807581,10294104.72089488,10028141.50249568,9857869.442556368,9704854.564079478,9541875.937494887,9426400.000844974,9340862.248480732
iron and steel 241,0.0,0.0,0.0,0.0,0.0,7983287.16904277,8075242.362525458,9525163.895486936,9272022.935779816,8988531.93358645,8388326.397524905,7546301.494354859,7231938.551817618,7332585.938890937,7356440.399308604,7271723.926458588,7114686.5119569255,6850505.490255008,6850593.731146024,6967024.411240022,6999115.899437379,7072555.074897439,7150312.913201553,7217423.644878115,7304060.838495453,7366121.248303676,7387648.40537702,7461179.274471727,7598340.808782119,7677956.754264253,7702344.557987251,7679649.20600688,7589447.405661272,7485335.232097617,7489546.309939861,7559743.087437625
other metals 242,0.0,0.0,0.0,0.0,0.0,1502626.475279107,1548442.424242424,1570089.7382198952,1705489.9777282851,1762482.7724352442,1742910.8254070156,1735146.744595321,1773016.088881861,1837454.1810588434,1890307.5454260076,1934925.1520572929,1960493.2889258927,1964517.4740812243,1963436.9868039247,1968326.0264885267,1980344.6449027439,1998992.9888374305,2019181.0864809859,2034904.899335022,2046560.7627135257,2066869.009945832,2082342.2463613376,2094426.4303003175,2114280.1781796613,2135120.1723788437,2145612.9260703423,2148997.0890945434,2151726.419169576,2156902.682565552,2162367.538233144,2161845.628416171
metal products except machinery and vehicles 25,0.0,0.0,0.0,0.0,0.0,0.0,0.0,0.0,0.0,0.0,0.0,0.0,0.0,0.0,0.0,0.0,0.0,0.0,0.0,0.0,0.0,0.0,0.0,0.0,0.0,0.0,0.0,0.0,0.0,0.0,0.0,0.0,0.0,0.0,0.0,0.0
computers and electronics 26,0.0,0.0,0.0,0.0,0.0,0.0,0.0,0.0,0.0,0.0,0.0,0.0,0.0,0.0,0.0,0.0,0.0,0.0,0.0,0.0,0.0,0.0,0.0,0.0,0.0,0.0,0.0,0.0,0.0,0.0,0.0,0.0,0.0,0.0,0.0,0.0
appliances and electrical equipment 27,0.0,0.0,0.0,0.0,0.0,0.0,0.0,0.0,0.0,0.0,0.0,0.0,0.0,0.0,0.0,0.0,0.0,0.0,0.0,0.0,0.0,0.0,0.0,0.0,0.0,0.0,0.0,0.0,0.0,0.0,0.0,0.0,0.0,0.0,0.0,0.0
other machinery 28,0.0,0.0,0.0,0.0,0.0,0.0,0.0,0.0,0.0,0.0,0.0,0.0,0.0,0.0,0.0,0.0,0.0,0.0,0.0,0.0,0.0,0.0,0.0,0.0,0.0,0.0,0.0,0.0,0.0,0.0,0.0,0.0,0.0,0.0,0.0,0.0
road vehicles 29,0.0,0.0,0.0,0.0,0.0,0.0,0.0,0.0,0.0,0.0,0.0,0.0,0.0,0.0,0.0,0.0,0.0,0.0,0.0,0.0,0.0,0.0,0.0,0.0,0.0,0.0,0.0,0.0,0.0,0.0,0.0,0.0,0.0,0.0,0.0,0.0
nonroad vehicles 30,0.0,0.0,0.0,0.0,0.0,0.0,0.0,0.0,0.0,0.0,0.0,0.0,0.0,0.0,0.0,0.0,0.0,0.0,0.0,0.0,0.0,0.0,0.0,0.0,0.0,0.0,0.0,0.0,0.0,0.0,0.0,0.0,0.0,0.0,0.0,0.0
other manufacturing 31T33,0.0,0.0,0.0,0.0,0.0,66635432.262129806,67192597.35349716,73058701.23550668,79435137.94693479,78139124.50588109,76026399.48782861,74950520.19090302,74795571.72764564,75065639.33623345,76190226.39475648,77568803.09233099,78906624.957757,81174540.65606332,83115032.15761088,85122679.4375843,86838041.441241,87865291.84447218,89187113.7195884,91121779.20322695,92311248.79023525,94094274.77681741,95834957.21708673,97308157.0472054,98475647.33776973,99622605.26216938,100949563.31342748,103248470.85685451,104685126.87061307,105927218.96289547,107298302.15506746,108703230.12695068
energy pipelines and gas processing 352T353,0.0,0.0,0.0,0.0,0.0,7652301.239275501,7623052.812202097,8795297.339074748,9617441.758241758,11044883.727003073,11249428.27428546,11313628.939477228,12054585.861644097,12985865.57259074,13131696.71912188,13341931.928357292,13187245.088856705,12913381.302904228,12450192.323941838,12139943.494909206,12013231.315370163,12001115.58706497,12011434.359439727,11863308.558894366,11917280.74130957,11859783.744486988,11738118.293456802,11726847.284861473,11793389.753533615,11850631.005815705,11914971.728063367,11955273.779345132,11875845.140812062,11826474.543154638,11885059.191131357,12017719.010623893
water and waste 36T39,0.0,0.0,0.0,0.0,0.0,0.0,0.0,0.0,0.0,0.0,0.0,0.0,0.0,0.0,0.0,0.0,0.0,0.0,0.0,0.0,0.0,0.0,0.0,0.0,0.0,0.0,0.0,0.0,0.0,0.0,0.0,0.0,0.0,0.0,0.0,0.0
construction 41T43,0.0,0.0,0.0,0.0,0.0,0.0,0.0,0.0,0.0,0.0,0.0,0.0,0.0,0.0,0.0,0.0,0.0,0.0,0.0,0.0,0.0,0.0,0.0,0.0,0.0,0.0,0.0,0.0,0.0,0.0,0.0,0.0,0.0,0.0,0.0,0.0
