Imported Electricity (MW*hour),2020.0,2021.0,2022.0,2023.0,2024.0,2025.0,2026.0,2027.0,2028.0,2029.0,2030.0,2031.0,2032.0,2033.0,2034.0,2035.0,2036.0,2037.0,2038.0,2039.0,2040.0,2041.0,2042.0,2043.0,2044.0,2045.0,2046.0,2047.0,2048.0,2049.0,2050.0
hard coal,1494000.0,1494000.0,1494000.0,1121470.0,1055610.0,933782.0,869112.0,729169.0,407937.0,373093.0,366757.0,366757.0,366757.0,366757.0,366757.0,366757.0,366757.0,366757.0,366757.0,366757.0,366757.0,366757.0,366757.0,366757.0,366757.0,366757.0,366757.0,366757.0,366757.0,366757.0,366757.0
natural gas steam turbine,10744500.0,10744500.0,10744500.0,10667200.0,10816800.0,9995090.0,10189600.0,9923770.0,9526240.0,9204810.0,8578710.0,8578710.0,8578710.0,8578710.0,8578710.0,8578710.0,8578710.0,8578710.0,8578710.0,8578710.0,8578710.0,8578710.0,8578710.0,8578710.0,8578710.0,8578710.0,8578710.0,8578710.0,8578710.0,8578710.0,8578710.0
natural gas combined cycle,0.0,0.0,0.0,0.0,0.0,0.0,0.0,0.0,0.0,0.0,0.0,0.0,0.0,0.0,0.0,0.0,0.0,0.0,0.0,0.0,0.0,0.0,0.0,0.0,0.0,0.0,0.0,0.0,0.0,0.0,0.0
nuclear,3991380.0,3991380.0,3991380.0,4066300.0,4041670.0,3848400.0,3854240.0,3892290.0,4146670.0,4222180.0,4389600.0,4389600.0,4389600.0,4389600.0,4389600.0,4389600.0,4389600.0,4389600.0,4389600.0,4389600.0,4389600.0,4389600.0,4389600.0,4389600.0,4389600.0,4389600.0,4389600.0,4389600.0,4389600.0,4389600.0,4389600.0
hydro,531932.0,531932.0,531932.0,540764.0,532583.0,497644.0,487788.0,484672.0,494097.0,490925.0,485014.0,485014.0,485014.0,485014.0,485014.0,485014.0,485014.0,485014.0,485014.0,485014.0,485014.0,485014.0,485014.0,485014.0,485014.0,485014.0,485014.0,485014.0,485014.0,485014.0,485014.0
onshore wind,434280.0,434280.0,434280.0,571354.0,603552.0,606244.0,604105.0,620282.0,651321.0,742882.0,920683.0,920683.0,920683.0,920683.0,920683.0,920683.0,920683.0,920683.0,920683.0,920683.0,920683.0,920683.0,920683.0,920683.0,920683.0,920683.0,920683.0,920683.0,920683.0,920683.0,920683.0
solar PV,675044.0,675044.0,675044.0,1313080.0,1340000.0,1331750.0,1396250.0,1702520.0,2037040.0,2223980.0,2558820.0,2558820.0,2558820.0,2558820.0,2558820.0,2558820.0,2558820.0,2558820.0,2558820.0,2558820.0,2558820.0,2558820.0,2558820.0,2558820.0,2558820.0,2558820.0,2558820.0,2558820.0,2558820.0,2558820.0,2558820.0
solar thermal,0.0,0.0,0.0,0.0,0.0,0.0,0.0,0.0,0.0,0.0,0.0,0.0,0.0,0.0,0.0,0.0,0.0,0.0,0.0,0.0,0.0,0.0,0.0,0.0,0.0,0.0,0.0,0.0,0.0,0.0,0.0
biomass,142761.0,142761.0,142761.0,145586.0,145815.0,138512.0,141973.0,154993.0,174243.0,182735.0,193753.0,193753.0,193753.0,193753.0,193753.0,193753.0,193753.0,193753.0,193753.0,193753.0,193753.0,193753.0,193753.0,193753.0,193753.0,193753.0,193753.0,193753.0,193753.0,193753.0,193753.0
geothermal,0.0,0.0,0.0,0.0,0.0,0.0,0.0,0.0,0.0,0.0,0.0,0.0,0.0,0.0,0.0,0.0,0.0,0.0,0.0,0.0,0.0,0.0,0.0,0.0,0.0,0.0,0.0,0.0,0.0,0.0,0.0
petroleum,1203610.0,1203610.0,1203610.0,786984.0,674767.0,556201.0,308426.0,313430.0,330903.0,336687.0,291282.0,291282.0,291282.0,291282.0,291282.0,291282.0,291282.0,291282.0,291282.0,291282.0,291282.0,291282.0,291282.0,291282.0,291282.0,291282.0,291282.0,291282.0,291282.0,291282.0,291282.0
natural gas peaker,0.0,0.0,0.0,0.0,0.0,0.0,0.0,0.0,0.0,0.0,0.0,0.0,0.0,0.0,0.0,0.0,0.0,0.0,0.0,0.0,0.0,0.0,0.0,0.0,0.0,0.0,0.0,0.0,0.0,0.0,0.0
lignite,0.0,0.0,0.0,0.0,0.0,0.0,0.0,0.0,0.0,0.0,0.0,0.0,0.0,0.0,0.0,0.0,0.0,0.0,0.0,0.0,0.0,0.0,0.0,0.0,0.0,0.0,0.0,0.0,0.0,0.0,0.0
offshore wind,0.0,0.0,0.0,4761.84,6734.83,45087.3,101224.0,131589.0,184257.0,175418.0,168086.0,168086.0,168086.0,168086.0,168086.0,168086.0,168086.0,168086.0,168086.0,168086.0,168086.0,168086.0,168086.0,168086.0,168086.0,168086.0,168086.0,168086.0,168086.0,168086.0,168086.0
crude oil,0.0,0.0,0.0,0.0,0.0,0.0,0.0,0.0,0.0,0.0,0.0,0.0,0.0,0.0,0.0,0.0,0.0,0.0,0.0,0.0,0.0,0.0,0.0,0.0,0.0,0.0,0.0,0.0,0.0,0.0,0.0
heavy or residual fuel oil,0.0,0.0,0.0,0.0,0.0,0.0,0.0,0.0,0.0,0.0,0.0,0.0,0.0,0.0,0.0,0.0,0.0,0.0,0.0,0.0,0.0,0.0,0.0,0.0,0.0,0.0,0.0,0.0,0.0,0.0,0.0
municipal solid waste,0.0,0.0,0.0,0.0,0.0,0.0,0.0,0.0,0.0,0.0,0.0,0.0,0.0,0.0,0.0,0.0,0.0,0.0,0.0,0.0,0.0,0.0,0.0,0.0,0.0,0.0,0.0,0.0,0.0,0.0,0.0
hard coal w CCS,0.0,0.0,0.0,0.0,0.0,0.0,0.0,0.0,0.0,0.0,0.0,0.0,0.0,0.0,0.0,0.0,0.0,0.0,0.0,0.0,0.0,0.0,0.0,0.0,0.0,0.0,0.0,0.0,0.0,0.0,0.0
natural gas combined cycle w CCS,0.0,0.0,0.0,0.0,0.0,0.0,0.0,0.0,0.0,0.0,0.0,0.0,0.0,0.0,0.0,0.0,0.0,0.0,0.0,0.0,0.0,0.0,0.0,0.0,0.0,0.0,0.0,0.0,0.0,0.0,0.0
biomass w CCS,0.0,0.0,0.0,0.0,0.0,0.0,0.0,0.0,0.0,0.0,0.0,0.0,0.0,0.0,0.0,0.0,0.0,0.0,0.0,0.0,0.0,0.0,0.0,0.0,0.0,0.0,0.0,0.0,0.0,0.0,0.0
lignite w CCS,0.0,0.0,0.0,0.0,0.0,0.0,0.0,0.0,0.0,0.0,0.0,0.0,0.0,0.0,0.0,0.0,0.0,0.0,0.0,0.0,0.0,0.0,0.0,0.0,0.0,0.0,0.0,0.0,0.0,0.0,0.0
small modular reactor,0.0,0.0,0.0,0.0,0.0,0.0,0.0,0.0,0.0,0.0,0.0,0.0,0.0,0.0,0.0,0.0,0.0,0.0,0.0,0.0,0.0,0.0,0.0,0.0,0.0,0.0,0.0,0.0,0.0,0.0,0.0
hydrogen combustion turbine,0.0,0.0,0.0,0.0,0.0,0.0,0.0,0.0,0.0,0.0,0.0,0.0,0.0,0.0,0.0,0.0,0.0,0.0,0.0,0.0,0.0,0.0,0.0,0.0,0.0,0.0,0.0,0.0,0.0,0.0,0.0
hydrogen combined cycle,0.0,0.0,0.0,0.0,0.0,0.0,0.0,0.0,0.0,0.0,0.0,0.0,0.0,0.0,0.0,0.0,0.0,0.0,0.0,0.0,0.0,0.0,0.0,0.0,0.0,0.0,0.0,0.0,0.0,0.0,0.0
,,,,,,,,,,,,,,,,,,,,,,,,,,,,,,,
,,,,,,,,,,,,,,,,,,,,,,,,,,,,,,,
,,,,,,,,,,,,,,,,,,,,,,,,,,,,,,,
