Unit: incidents / ton pollutant,2024.0,2025.0,2026.0,2027.0,2028.0,2029.0,2030.0,2031.0,2032.0,2033.0,2034.0,2035.0,2036.0,2037.0,2038.0,2039.0,2040.0,2041.0,2042.0,2043.0,2044.0,2045.0,2046.0,2047.0,2048.0,2049.0,2050.0
Premature mortality,0.000639413,0.000647511,0.000655609,0.000663706,0.000671804,0.000687408,0.000703012,0.000713324,0.000723636,0.000733949,0.000744261,0.000754573,0.00076263,0.000770687,0.000778745,0.000786802,0.000794859,0.000799174,0.000803489,0.000807804,0.000812119,0.000816433,0.00081731,0.000818187,0.000819063,0.00081994,0.000820816
Infant mortality,1.19429e-06,1.18404e-06,1.17378e-06,1.16352e-06,1.15326e-06,7.68163e-07,3.83067e-07,3.80664e-07,3.78261e-07,3.75858e-07,3.73455e-07,3.71052e-07,3.69544e-07,3.68035e-07,3.66527e-07,3.65018e-07,3.6351e-07,3.61616e-07,3.59722e-07,3.57828e-07,3.55934e-07,3.5404e-07,3.5197e-07,3.49899e-07,3.47829e-07,3.45758e-07,3.43687e-07
Asthma symptoms albuturol use,1.11451,1.126,1.13749,1.14897,1.16046,1.17388,1.18729,1.19707,1.20686,1.21664,1.22642,1.23621,1.24039,1.24457,1.24874,1.25292,1.2571,1.26219,1.26727,1.27236,1.27744,1.28253,1.28814,1.29376,1.29937,1.30498,1.3106
Asthma symptoms chest tightness,0.0,0.0,0.0,0.0,0.0,0.0,0.0,0.0,0.0,0.0,0.0,0.0,0.0,0.0,0.0,0.0,0.0,0.0,0.0,0.0,0.0,0.0,0.0,0.0,0.0,0.0,0.0
Asthma symptoms cough,0.00166874,0.00166874,0.00166874,0.00166874,0.00166874,0.00166874,0.00166874,0.00166874,0.00166874,0.00166874,0.00166874,0.00166874,0.00166874,0.00166874,0.00166874,0.00166874,0.00166874,0.00166874,0.00166874,0.00166874,0.00166874,0.00166874,0.00166874,0.00166874,0.00166874,0.00166874,0.00166874
Asthma symptoms shortness of breath,0.0022472,0.0022472,0.0022472,0.0022472,0.0022472,0.0022472,0.0022472,0.0022472,0.0022472,0.0022472,0.0022472,0.0022472,0.0022472,0.0022472,0.0022472,0.0022472,0.0022472,0.0022472,0.0022472,0.0022472,0.0022472,0.0022472,0.0022472,0.0022472,0.0022472,0.0022472,0.0022472
Asthma symptoms wheeze,0.00343334,0.00343334,0.00343334,0.00343334,0.00343334,0.00343334,0.00343334,0.00343334,0.00343334,0.00343334,0.00343334,0.00343334,0.00343334,0.00343334,0.00343334,0.00343334,0.00343334,0.00343334,0.00343334,0.00343334,0.00343334,0.00343334,0.00343334,0.00343334,0.00343334,0.00343334,0.00343334
Asthma incidence,0.00602974,0.00607001,0.00611027,0.00615054,0.00619081,0.00622708,0.00626336,0.00629384,0.00632433,0.00635481,0.0063853,0.00641578,0.00644446,0.00647313,0.00650181,0.00653049,0.00655916,0.00658691,0.00661466,0.0066424,0.00667015,0.0066979,0.00672326,0.00674862,0.00677398,0.00679934,0.0068247
Hay fever rhinitis incidence,0.0384102,0.0387673,0.0391244,0.0394816,0.0398387,0.0402281,0.0406176,0.0409141,0.0412106,0.0415071,0.0418036,0.0421002,0.042255,0.0424099,0.0425648,0.0427197,0.0428745,0.0430516,0.0432288,0.0434059,0.043583,0.0437601,0.0439449,0.0441297,0.0443145,0.0444993,0.0446841
Respiratory emergency room visits,0.00180572,0.00182308,0.00184045,0.00185782,0.00187519,0.00189314,0.00191109,0.00192796,0.00194482,0.00196169,0.00197855,0.00199541,0.00200969,0.00202396,0.00203824,0.00205251,0.00206678,0.00207906,0.00209133,0.00210361,0.00211588,0.00212815,0.00213963,0.0021511,0.00216258,0.00217405,0.00218553
Respiratory hospital admissions,4.31598e-05,4.34143e-05,4.36689e-05,4.39234e-05,4.4178e-05,4.44555e-05,4.4733e-05,4.50067e-05,4.52803e-05,4.5554e-05,4.58277e-05,4.61013e-05,4.63011e-05,4.65008e-05,4.67006e-05,4.69004e-05,4.71001e-05,4.72907e-05,4.74812e-05,4.76718e-05,4.78624e-05,4.80529e-05,4.82337e-05,4.84145e-05,4.85953e-05,4.87762e-05,4.8957e-05
Non-fatal heart attacks,0.000301503,0.000310354,0.000319205,0.000328056,0.000336907,0.000345254,0.000353602,0.000360319,0.000367036,0.000373753,0.00038047,0.000387187,0.000391548,0.00039591,0.000400271,0.000404633,0.000408994,0.000411271,0.000413548,0.000415825,0.000418102,0.000420379,0.000422098,0.000423817,0.000425536,0.000427255,0.000428974
Minor restricted activity days,0.21661,0.217156,0.217702,0.218248,0.218794,0.219597,0.220401,0.221772,0.223142,0.224513,0.225883,0.227254,0.229129,0.231003,0.232878,0.234753,0.236628,0.238539,0.24045,0.242362,0.244273,0.246185,0.247866,0.249547,0.251228,0.252909,0.25459
Work loss days,0.0365582,0.0366767,0.0367951,0.0369136,0.037032,0.0371868,0.0373415,0.0375679,0.0377943,0.0380207,0.0382471,0.0384735,0.0387574,0.0390412,0.0393251,0.039609,0.0398928,0.04021,0.0405272,0.0408445,0.0411617,0.0414789,0.0417637,0.0420485,0.0423333,0.0426181,0.0429029
Lung cancer incidence,0.000168973,0.000172325,0.000175677,0.000179029,0.000182382,0.000185929,0.000189477,0.000193281,0.000197085,0.000200889,0.000204694,0.000208498,0.000211722,0.000214946,0.000218171,0.000221395,0.000224619,0.000226267,0.000227914,0.000229562,0.000231209,0.000232857,0.000233689,0.000234521,0.000235353,0.000236184,0.000237016
Cardiovascular hospital admissions,7.33543e-05,7.55728e-05,7.77914e-05,8.00099e-05,8.22284e-05,8.43535e-05,8.64786e-05,8.82995e-05,9.01203e-05,9.19411e-05,9.37619e-05,9.55827e-05,9.68059e-05,9.80291e-05,9.92523e-05,0.000100475,0.000101699,0.000102342,0.000102985,0.000103629,0.000104272,0.000104915,0.000105347,0.000105779,0.000106211,0.000106643,0.000107074
Alzheimers disease hospital admissions,0.00122017,0.0012603,0.00130044,0.00134057,0.0013807,0.00142329,0.00146588,0.00150845,0.00155101,0.00159358,0.00163615,0.00167871,0.00170951,0.0017403,0.00177109,0.00180188,0.00183267,0.0018475,0.00186234,0.00187717,0.001892,0.00190683,0.00191144,0.00191605,0.00192066,0.00192527,0.00192988
Parkinsons disease hospital admissions,0.000157118,0.00016127,0.000165422,0.000169574,0.000173726,0.000177202,0.000180677,0.000182961,0.000185244,0.000187527,0.00018981,0.000192094,0.000193234,0.000194374,0.000195514,0.000196654,0.000197794,0.000198443,0.000199092,0.00019974,0.000200389,0.000201037,0.000201968,0.000202899,0.000203831,0.000204762,0.000205693
Stroke incidence,0.000145798,0.000149691,0.000153584,0.000157477,0.00016137,0.00016459,0.00016781,0.000169799,0.000171788,0.000173777,0.000175766,0.000177755,0.000178711,0.000179667,0.000180623,0.000181578,0.000182534,0.000183042,0.00018355,0.000184057,0.000184565,0.000185073,0.000185954,0.000186835,0.000187716,0.000188597,0.000189479
Out of hospital cardiac arrest incidence,3.4296e-05,3.48117e-05,3.53274e-05,3.58432e-05,3.63589e-05,3.68453e-05,3.73316e-05,3.77159e-05,3.81001e-05,3.84843e-05,3.88686e-05,3.92528e-05,3.95202e-05,3.97877e-05,4.00551e-05,4.03226e-05,4.059e-05,4.08034e-05,4.10167e-05,4.123e-05,4.14433e-05,4.16567e-05,4.18903e-05,4.2124e-05,4.23576e-05,4.25912e-05,4.28249e-05
Cardiac emergency room visits,0.000741538,0.000755269,0.000769,0.000782731,0.000796461,0.000809901,0.000823341,0.000836388,0.000849434,0.00086248,0.000875526,0.000888572,0.000899116,0.000909659,0.000920202,0.000930745,0.000941288,0.000948642,0.000955996,0.000963349,0.000970703,0.000978057,0.000983609,0.000989161,0.000994714,0.00100027,0.00100582
School loss days,0.0,0.0,0.0,0.0,0.0,0.0,0.0,0.0,0.0,0.0,0.0,0.0,0.0,0.0,0.0,0.0,0.0,0.0,0.0,0.0,0.0,0.0,0.0,0.0,0.0,0.0,0.0
,,,,,,,,,,,,,,,,,,,,,,,,,,,
Data for lookup functions (based on sheet name),,,,,,,,,,,,,,,,,,,,,,,,,,,
sector pollutant,Industry NO2,,,,,,,,,,,,,,,,,,,,,,,,,,
