Year,2024.0,2025.0,2026.0,2027.0,2028.0,2029.0,2030.0,2031.0,2032.0,2033.0,2034.0,2035.0,2036.0,2037.0,2038.0,2039.0,2040.0,2041.0,2042.0,2043.0,2044.0,2045.0,2046.0,2047.0,2048.0,2049.0,2050.0
electricity (BTU),2284390000000.0,2289360000000.0,2291120000000.0,2190530000000.0,2212540000000.0,2231560000000.0,2245260000000.0,2256990000000.0,2269990000000.0,2284620000000.0,2302680000000.0,2322530000000.0,2343230000000.0,2365180000000.0,2388380000000.0,2411700000000.0,2431830000000.0,2453860000000.0,2477800000000.0,2504120000000.0,2531770000000.0,2556490000000.0,2584800000000.0,2612580000000.0,2640590000000.0,2669820000000.0,2699780000000.0
coal (BTU),0.0,0.0,0.0,0.0,0.0,0.0,0.0,0.0,0.0,0.0,0.0,0.0,0.0,0.0,0.0,0.0,0.0,0.0,0.0,0.0,0.0,0.0,0.0,0.0,0.0,0.0,0.0
natural gas (BTU),862654000000.0,864532000000.0,867550000000.0,869097000000.0,868936000000.0,866727000000.0,863114000000.0,859167000000.0,855683000000.0,851527000000.0,848054000000.0,844815000000.0,842122000000.0,839237000000.0,836569000000.0,833980000000.0,831567000000.0,829065000000.0,827108000000.0,825494000000.0,824161000000.0,822729000000.0,820839000000.0,818582000000.0,816222000000.0,813912000000.0,811728000000.0
petroleum diesel (BTU),91238100000.0,91436600000.0,92197900000.0,92179000000.0,91794300000.0,91257400000.0,90874800000.0,90445000000.0,90063000000.0,89659500000.0,89341400000.0,89001100000.0,88678100000.0,88375800000.0,88081100000.0,87803700000.0,87531000000.0,87215800000.0,86912300000.0,86614600000.0,86323300000.0,86010500000.0,85700100000.0,85380900000.0,85056000000.0,84728700000.0,84436800000.0
heat (BTU),0.0,0.0,0.0,0.0,0.0,0.0,0.0,0.0,0.0,0.0,0.0,0.0,0.0,0.0,0.0,0.0,0.0,0.0,0.0,0.0,0.0,0.0,0.0,0.0,0.0,0.0,0.0
biomass (BTU),0.0,0.0,0.0,0.0,0.0,0.0,0.0,0.0,0.0,0.0,0.0,0.0,0.0,0.0,0.0,0.0,0.0,0.0,0.0,0.0,0.0,0.0,0.0,0.0,0.0,0.0,0.0
kerosene (BTU),0.0,0.0,0.0,0.0,0.0,0.0,0.0,0.0,0.0,0.0,0.0,0.0,0.0,0.0,0.0,0.0,0.0,0.0,0.0,0.0,0.0,0.0,0.0,0.0,0.0,0.0,0.0
heavy or residual oil (BTU),0.0,0.0,0.0,0.0,0.0,0.0,0.0,0.0,0.0,0.0,0.0,0.0,0.0,0.0,0.0,0.0,0.0,0.0,0.0,0.0,0.0,0.0,0.0,0.0,0.0,0.0,0.0
LPG propane or butane (BTU),12279900000.0,12306700000.0,12775500000.0,13226400000.0,13627800000.0,13977900000.0,14292100000.0,14576200000.0,14855400000.0,15128600000.0,15418800000.0,15722500000.0,16034300000.0,16344200000.0,16651400000.0,16954500000.0,17259100000.0,17565200000.0,17885100000.0,18219700000.0,18565900000.0,18913800000.0,19254900000.0,19587600000.0,19915900000.0,20245100000.0,20578000000.0
hydrogen (BTU),0.0,0.0,0.0,0.0,0.0,0.0,0.0,0.0,0.0,0.0,0.0,0.0,0.0,0.0,0.0,0.0,0.0,0.0,0.0,0.0,0.0,0.0,0.0,0.0,0.0,0.0,0.0
,,,,,,,,,,,,,,,,,,,,,,,,,,,
"Cell = SUM(F12 cells for television, other_uses x matching fuel) x rural_share[state] x 1000 (kBtu -> BTU). Rural share held constant 2024-2050 at 2020 Census value.",,,,,,,,,,,,,,,,,,,,,,,,,,,
